/*
Navicat MariaDB Data Transfer

Source Server         : localhost_3308
Source Server Version : 100517
Source Host           : localhost:3308
Source Database       : demoQLNS

Target Server Type    : MariaDB
Target Server Version : 100517
File Encoding         : 65001

Date: 2022-10-26 16:04:55
*/

SET FOREIGN_KEY_CHECKS=0;

-- ----------------------------
-- Table structure for roles
-- ----------------------------
DROP TABLE IF EXISTS `roles`;
CREATE TABLE `roles` (
  `id` int(11) NOT NULL AUTO_INCREMENT,
  `role` varchar(255) DEFAULT NULL,
  `status` int(11) DEFAULT NULL,
  PRIMARY KEY (`id`)
) ENGINE=InnoDB AUTO_INCREMENT=4 DEFAULT CHARSET=utf8mb4;

-- ----------------------------
-- Records of roles
-- ----------------------------
INSERT INTO `roles` VALUES ('1', 'ROLE_SUPER_ADMIN', '1');
INSERT INTO `roles` VALUES ('2', 'ROLE_ADMIN', '1');
INSERT INTO `roles` VALUES ('3', 'ROLE_MEMBER', '1');

-- ----------------------------
-- Table structure for users
-- ----------------------------
DROP TABLE IF EXISTS `users`;
CREATE TABLE `users` (
  `id` int(11) NOT NULL AUTO_INCREMENT,
  `date_of_birth` datetime DEFAULT NULL,
  `email` varchar(255) DEFAULT NULL,
  `full_name` varchar(255) DEFAULT NULL,
  `gender` bit(1) DEFAULT NULL,
  `id_manager` int(11) DEFAULT NULL,
  `password` varchar(255) DEFAULT NULL,
  `phone_number` varchar(255) DEFAULT NULL,
  `salary` double DEFAULT NULL,
  `status` int(11) DEFAULT NULL,
  `user_name` varchar(255) DEFAULT NULL,
  PRIMARY KEY (`id`)
) ENGINE=InnoDB AUTO_INCREMENT=6 DEFAULT CHARSET=utf8mb4;

-- ----------------------------
-- Records of users
-- ----------------------------
INSERT INTO `users` VALUES ('1', '1995-05-18 00:00:00', 'abc@gmail.com', 'aaaa', '', null, '$2a$10$TM9HKHfYhxVyL51cN9bA9OJLzWl85RrJ568u3ODYBZ84SThIJgL2a', null, '50000000', '1', 'super');
INSERT INTO `users` VALUES ('2', '1997-06-29 00:00:00', 'xyz@gmail.com', 'bbbbb', '\0', '1', '$2a$10$bLjjZQapgtUpjDEzUvtGW.AsCZsVlbXXzhnKSwHfA4B69MNT6ELJG', null, '20000000', '1', 'admin');
INSERT INTO `users` VALUES ('3', '2000-08-10 00:00:00', 'xxx@gmail.com', 'bbbbb', '', '2', '$2a$10$4MJebMqsiLXxotJKI5N17uJ1ZJ/8rZ9mZrgmk6SGmb6o3Vb..N0cK', null, '8000000', '1', 'member');
INSERT INTO `users` VALUES ('4', '2001-11-07 00:00:00', 'zzz@gmail.com', 'bbbbb', '\0', '2', '$2a$10$BfxqMzul7ztRTNq2S8qKL.nMuROG.cKMUTS/JLcaGDXjTh3mF1ENe', null, '4000000', '1', 'test');
INSERT INTO `users` VALUES ('5', null, 'yesyesyes@gmail.com', 'XXXXX', '\0', null, '$2a$10$AmJiq9kOmojOlvZsUxPSdOLY5ecuWghOCVA.L0ciQZ5R9JDbxO8He', null, null, '1', 'docker');

-- ----------------------------
-- Table structure for users_roles
-- ----------------------------
DROP TABLE IF EXISTS `users_roles`;
CREATE TABLE `users_roles` (
  `user_id` int(11) NOT NULL,
  `role_id` int(11) NOT NULL,
  PRIMARY KEY (`user_id`,`role_id`),
  KEY `FKj6m8fwv7oqv74fcehir1a9ffy` (`role_id`),
  CONSTRAINT `FK2o0jvgh89lemvvo17cbqvdxaa` FOREIGN KEY (`user_id`) REFERENCES `users` (`id`),
  CONSTRAINT `FKj6m8fwv7oqv74fcehir1a9ffy` FOREIGN KEY (`role_id`) REFERENCES `roles` (`id`)
) ENGINE=InnoDB DEFAULT CHARSET=utf8mb4;

-- ----------------------------
-- Records of users_roles
-- ----------------------------
INSERT INTO `users_roles` VALUES ('1', '1');
INSERT INTO `users_roles` VALUES ('2', '2');
INSERT INTO `users_roles` VALUES ('2', '3');
INSERT INTO `users_roles` VALUES ('3', '3');
INSERT INTO `users_roles` VALUES ('4', '3');
INSERT INTO `users_roles` VALUES ('5', '3');

-- ----------------------------
-- Table structure for vacations
-- ----------------------------
DROP TABLE IF EXISTS `vacations`;
CREATE TABLE `vacations` (
  `id` int(11) NOT NULL AUTO_INCREMENT,
  `content` varchar(255) DEFAULT NULL,
  `day` int(11) DEFAULT NULL,
  `id_admin` int(11) DEFAULT NULL,
  `id_member` int(11) DEFAULT NULL,
  `month` int(11) DEFAULT NULL,
  `status` int(11) DEFAULT NULL,
  `year` int(11) DEFAULT NULL,
  PRIMARY KEY (`id`)
) ENGINE=InnoDB AUTO_INCREMENT=3 DEFAULT CHARSET=utf8mb4;

-- ----------------------------
-- Records of vacations
-- ----------------------------
INSERT INTO `vacations` VALUES ('1', 'aaaaaaaaaaaaaaaaaaa', '25', '2', '3', '10', '0', '2022');
INSERT INTO `vacations` VALUES ('2', 'bbbbbbbbbbbbbb', '25', '1', '2', '10', '0', '2022');

-- ----------------------------
-- Table structure for works
-- ----------------------------
DROP TABLE IF EXISTS `works`;
CREATE TABLE `works` (
  `id` int(11) NOT NULL AUTO_INCREMENT,
  `day` int(11) DEFAULT NULL,
  `id_user` int(11) DEFAULT NULL,
  `month` int(11) DEFAULT NULL,
  `time_in` varchar(255) DEFAULT NULL,
  `time_out` varchar(255) DEFAULT NULL,
  `year` int(11) DEFAULT NULL,
  PRIMARY KEY (`id`)
) ENGINE=InnoDB AUTO_INCREMENT=1106 DEFAULT CHARSET=utf8mb4;

-- ----------------------------
-- Records of works
-- ----------------------------
INSERT INTO `works` VALUES ('1', '1', '1', '8', '08:03', '18:18', '2022');
INSERT INTO `works` VALUES ('2', '2', '1', '8', '08:29', '18:59', '2022');
INSERT INTO `works` VALUES ('3', '3', '1', '8', '08:54', '18:05', '2022');
INSERT INTO `works` VALUES ('4', '4', '1', '8', '08:42', '18:03', '2022');
INSERT INTO `works` VALUES ('5', '5', '1', '8', '08:45', '18:57', '2022');
INSERT INTO `works` VALUES ('6', '8', '1', '8', '08:50', '18:18', '2022');
INSERT INTO `works` VALUES ('7', '9', '1', '8', '08:37', '18:00', '2022');
INSERT INTO `works` VALUES ('8', '10', '1', '8', '08:01', '18:14', '2022');
INSERT INTO `works` VALUES ('9', '11', '1', '8', '08:22', '18:57', '2022');
INSERT INTO `works` VALUES ('10', '12', '1', '8', '08:03', '18:53', '2022');
INSERT INTO `works` VALUES ('11', '15', '1', '8', '08:03', '18:24', '2022');
INSERT INTO `works` VALUES ('12', '16', '1', '8', '08:45', '18:33', '2022');
INSERT INTO `works` VALUES ('13', '17', '1', '8', '08:48', '18:31', '2022');
INSERT INTO `works` VALUES ('14', '18', '1', '8', '08:49', '18:32', '2022');
INSERT INTO `works` VALUES ('15', '19', '1', '8', '08:09', '18:13', '2022');
INSERT INTO `works` VALUES ('16', '22', '1', '8', '08:04', '18:10', '2022');
INSERT INTO `works` VALUES ('17', '23', '1', '8', '08:52', '18:16', '2022');
INSERT INTO `works` VALUES ('18', '24', '1', '8', '08:58', '18:42', '2022');
INSERT INTO `works` VALUES ('19', '25', '1', '8', '08:15', '18:24', '2022');
INSERT INTO `works` VALUES ('20', '26', '1', '8', '08:06', '18:20', '2022');
INSERT INTO `works` VALUES ('21', '29', '1', '8', '08:44', '18:23', '2022');
INSERT INTO `works` VALUES ('22', '30', '1', '8', '08:57', '18:49', '2022');
INSERT INTO `works` VALUES ('23', '31', '1', '8', '08:56', '18:11', '2022');
INSERT INTO `works` VALUES ('24', '1', '2', '8', '08:48', '18:20', '2022');
INSERT INTO `works` VALUES ('25', '2', '2', '8', '08:11', '18:52', '2022');
INSERT INTO `works` VALUES ('26', '4', '2', '8', '08:52', '18:57', '2022');
INSERT INTO `works` VALUES ('27', '5', '2', '8', '08:55', '18:36', '2022');
INSERT INTO `works` VALUES ('28', '8', '2', '8', '08:41', '18:54', '2022');
INSERT INTO `works` VALUES ('29', '10', '2', '8', '08:38', '18:52', '2022');
INSERT INTO `works` VALUES ('30', '11', '2', '8', '08:29', '18:51', '2022');
INSERT INTO `works` VALUES ('31', '12', '2', '8', '08:28', '18:48', '2022');
INSERT INTO `works` VALUES ('32', '15', '2', '8', '08:48', '18:01', '2022');
INSERT INTO `works` VALUES ('33', '17', '2', '8', '08:14', '18:20', '2022');
INSERT INTO `works` VALUES ('34', '18', '2', '8', '08:27', '18:11', '2022');
INSERT INTO `works` VALUES ('35', '19', '2', '8', '08:03', '18:12', '2022');
INSERT INTO `works` VALUES ('36', '22', '2', '8', '08:53', '18:40', '2022');
INSERT INTO `works` VALUES ('37', '23', '2', '8', '08:42', '18:52', '2022');
INSERT INTO `works` VALUES ('38', '24', '2', '8', '08:26', '18:08', '2022');
INSERT INTO `works` VALUES ('39', '25', '2', '8', '08:15', '18:07', '2022');
INSERT INTO `works` VALUES ('40', '26', '2', '8', '08:02', '18:08', '2022');
INSERT INTO `works` VALUES ('41', '30', '2', '8', '08:27', '18:03', '2022');
INSERT INTO `works` VALUES ('42', '1', '3', '8', '08:34', '18:17', '2022');
INSERT INTO `works` VALUES ('43', '3', '3', '8', '08:30', '18:59', '2022');
INSERT INTO `works` VALUES ('44', '4', '3', '8', '08:41', '18:59', '2022');
INSERT INTO `works` VALUES ('45', '5', '3', '8', '08:02', '18:09', '2022');
INSERT INTO `works` VALUES ('46', '8', '3', '8', '08:35', '18:57', '2022');
INSERT INTO `works` VALUES ('47', '9', '3', '8', '08:46', '18:46', '2022');
INSERT INTO `works` VALUES ('48', '10', '3', '8', '08:06', '18:08', '2022');
INSERT INTO `works` VALUES ('49', '11', '3', '8', '08:50', '18:32', '2022');
INSERT INTO `works` VALUES ('50', '15', '3', '8', '08:53', '18:01', '2022');
INSERT INTO `works` VALUES ('51', '16', '3', '8', '08:55', '18:00', '2022');
INSERT INTO `works` VALUES ('52', '17', '3', '8', '08:08', '18:25', '2022');
INSERT INTO `works` VALUES ('53', '18', '3', '8', '08:47', '18:02', '2022');
INSERT INTO `works` VALUES ('54', '19', '3', '8', '08:48', '18:55', '2022');
INSERT INTO `works` VALUES ('55', '22', '3', '8', '08:01', '18:16', '2022');
INSERT INTO `works` VALUES ('56', '23', '3', '8', '08:46', '18:18', '2022');
INSERT INTO `works` VALUES ('57', '24', '3', '8', '08:46', '18:12', '2022');
INSERT INTO `works` VALUES ('58', '25', '3', '8', '08:03', '18:30', '2022');
INSERT INTO `works` VALUES ('59', '26', '3', '8', '08:32', '18:54', '2022');
INSERT INTO `works` VALUES ('60', '29', '3', '8', '08:46', '18:13', '2022');
INSERT INTO `works` VALUES ('61', '31', '3', '8', '08:14', '18:20', '2022');
INSERT INTO `works` VALUES ('62', '1', '4', '8', '08:31', '18:31', '2022');
INSERT INTO `works` VALUES ('63', '3', '4', '8', '08:02', '18:49', '2022');
INSERT INTO `works` VALUES ('64', '4', '4', '8', '08:16', '18:34', '2022');
INSERT INTO `works` VALUES ('65', '5', '4', '8', '08:37', '18:49', '2022');
INSERT INTO `works` VALUES ('66', '8', '4', '8', '08:59', '18:51', '2022');
INSERT INTO `works` VALUES ('67', '9', '4', '8', '08:04', '18:50', '2022');
INSERT INTO `works` VALUES ('68', '10', '4', '8', '08:48', '18:04', '2022');
INSERT INTO `works` VALUES ('69', '11', '4', '8', '08:25', '18:17', '2022');
INSERT INTO `works` VALUES ('70', '12', '4', '8', '08:51', '18:40', '2022');
INSERT INTO `works` VALUES ('71', '16', '4', '8', '08:03', '18:38', '2022');
INSERT INTO `works` VALUES ('72', '18', '4', '8', '08:33', '18:43', '2022');
INSERT INTO `works` VALUES ('73', '19', '4', '8', '08:45', '18:16', '2022');
INSERT INTO `works` VALUES ('74', '22', '4', '8', '08:52', '18:52', '2022');
INSERT INTO `works` VALUES ('75', '23', '4', '8', '08:35', '18:39', '2022');
INSERT INTO `works` VALUES ('76', '26', '4', '8', '08:57', '18:12', '2022');
INSERT INTO `works` VALUES ('77', '29', '4', '8', '08:47', '18:30', '2022');
INSERT INTO `works` VALUES ('78', '30', '4', '8', '08:40', '18:09', '2022');
INSERT INTO `works` VALUES ('79', '31', '4', '8', '08:59', '18:11', '2022');
INSERT INTO `works` VALUES ('80', '1', '1', '9', '08:36', '18:49', '2022');
INSERT INTO `works` VALUES ('81', '2', '1', '9', '08:24', '18:37', '2022');
INSERT INTO `works` VALUES ('82', '5', '1', '9', '08:30', '18:34', '2022');
INSERT INTO `works` VALUES ('83', '6', '1', '9', '08:56', '18:50', '2022');
INSERT INTO `works` VALUES ('84', '9', '1', '9', '08:50', '18:50', '2022');
INSERT INTO `works` VALUES ('85', '12', '1', '9', '08:32', '18:59', '2022');
INSERT INTO `works` VALUES ('86', '14', '1', '9', '08:39', '18:56', '2022');
INSERT INTO `works` VALUES ('87', '15', '1', '9', '08:19', '18:26', '2022');
INSERT INTO `works` VALUES ('88', '19', '1', '9', '08:05', '18:56', '2022');
INSERT INTO `works` VALUES ('89', '20', '1', '9', '08:11', '18:05', '2022');
INSERT INTO `works` VALUES ('90', '21', '1', '9', '08:38', '18:14', '2022');
INSERT INTO `works` VALUES ('91', '22', '1', '9', '08:41', '18:15', '2022');
INSERT INTO `works` VALUES ('92', '26', '1', '9', '08:52', '18:04', '2022');
INSERT INTO `works` VALUES ('93', '27', '1', '9', '08:17', '18:19', '2022');
INSERT INTO `works` VALUES ('94', '28', '1', '9', '08:34', '18:02', '2022');
INSERT INTO `works` VALUES ('95', '29', '1', '9', '08:36', '18:51', '2022');
INSERT INTO `works` VALUES ('96', '30', '1', '9', '08:58', '18:01', '2022');
INSERT INTO `works` VALUES ('97', '1', '2', '9', '08:54', '18:41', '2022');
INSERT INTO `works` VALUES ('98', '2', '2', '9', '08:39', '18:56', '2022');
INSERT INTO `works` VALUES ('99', '5', '2', '9', '08:49', '18:36', '2022');
INSERT INTO `works` VALUES ('100', '6', '2', '9', '08:13', '18:00', '2022');
INSERT INTO `works` VALUES ('101', '7', '2', '9', '08:54', '18:58', '2022');
INSERT INTO `works` VALUES ('102', '8', '2', '9', '08:41', '18:45', '2022');
INSERT INTO `works` VALUES ('103', '9', '2', '9', '08:18', '18:17', '2022');
INSERT INTO `works` VALUES ('104', '12', '2', '9', '08:23', '18:06', '2022');
INSERT INTO `works` VALUES ('105', '13', '2', '9', '08:19', '18:17', '2022');
INSERT INTO `works` VALUES ('106', '14', '2', '9', '08:26', '18:38', '2022');
INSERT INTO `works` VALUES ('107', '15', '2', '9', '08:18', '18:48', '2022');
INSERT INTO `works` VALUES ('108', '16', '2', '9', '08:10', '18:31', '2022');
INSERT INTO `works` VALUES ('109', '19', '2', '9', '08:33', '18:11', '2022');
INSERT INTO `works` VALUES ('110', '20', '2', '9', '08:42', '18:58', '2022');
INSERT INTO `works` VALUES ('111', '21', '2', '9', '08:19', '18:38', '2022');
INSERT INTO `works` VALUES ('112', '22', '2', '9', '08:34', '18:19', '2022');
INSERT INTO `works` VALUES ('113', '23', '2', '9', '08:04', '18:10', '2022');
INSERT INTO `works` VALUES ('114', '26', '2', '9', '08:19', '18:43', '2022');
INSERT INTO `works` VALUES ('115', '27', '2', '9', '08:21', '18:29', '2022');
INSERT INTO `works` VALUES ('116', '28', '2', '9', '08:20', '18:01', '2022');
INSERT INTO `works` VALUES ('117', '29', '2', '9', '08:39', '18:30', '2022');
INSERT INTO `works` VALUES ('118', '30', '2', '9', '08:00', '18:48', '2022');
INSERT INTO `works` VALUES ('119', '1', '3', '9', '08:44', '18:36', '2022');
INSERT INTO `works` VALUES ('120', '2', '3', '9', '08:39', '18:23', '2022');
INSERT INTO `works` VALUES ('121', '5', '3', '9', '08:41', '18:40', '2022');
INSERT INTO `works` VALUES ('122', '7', '3', '9', '08:07', '18:44', '2022');
INSERT INTO `works` VALUES ('123', '8', '3', '9', '08:46', '18:31', '2022');
INSERT INTO `works` VALUES ('124', '9', '3', '9', '08:30', '18:20', '2022');
INSERT INTO `works` VALUES ('125', '13', '3', '9', '08:33', '18:22', '2022');
INSERT INTO `works` VALUES ('126', '14', '3', '9', '08:24', '18:32', '2022');
INSERT INTO `works` VALUES ('127', '15', '3', '9', '08:02', '18:21', '2022');
INSERT INTO `works` VALUES ('128', '16', '3', '9', '08:37', '18:40', '2022');
INSERT INTO `works` VALUES ('129', '19', '3', '9', '08:44', '18:18', '2022');
INSERT INTO `works` VALUES ('130', '20', '3', '9', '08:38', '18:36', '2022');
INSERT INTO `works` VALUES ('131', '21', '3', '9', '08:44', '18:16', '2022');
INSERT INTO `works` VALUES ('132', '22', '3', '9', '08:22', '18:12', '2022');
INSERT INTO `works` VALUES ('133', '23', '3', '9', '08:06', '18:55', '2022');
INSERT INTO `works` VALUES ('134', '26', '3', '9', '08:20', '18:57', '2022');
INSERT INTO `works` VALUES ('135', '27', '3', '9', '08:20', '18:54', '2022');
INSERT INTO `works` VALUES ('136', '28', '3', '9', '08:30', '18:23', '2022');
INSERT INTO `works` VALUES ('137', '5', '4', '9', '08:31', '18:35', '2022');
INSERT INTO `works` VALUES ('138', '6', '4', '9', '08:51', '18:35', '2022');
INSERT INTO `works` VALUES ('139', '7', '4', '9', '08:00', '18:26', '2022');
INSERT INTO `works` VALUES ('140', '8', '4', '9', '08:55', '18:50', '2022');
INSERT INTO `works` VALUES ('141', '9', '4', '9', '08:30', '18:29', '2022');
INSERT INTO `works` VALUES ('142', '12', '4', '9', '08:10', '18:52', '2022');
INSERT INTO `works` VALUES ('143', '13', '4', '9', '08:39', '18:10', '2022');
INSERT INTO `works` VALUES ('144', '14', '4', '9', '08:43', '18:12', '2022');
INSERT INTO `works` VALUES ('145', '16', '4', '9', '08:01', '18:26', '2022');
INSERT INTO `works` VALUES ('146', '20', '4', '9', '08:27', '18:56', '2022');
INSERT INTO `works` VALUES ('147', '21', '4', '9', '08:15', '18:56', '2022');
INSERT INTO `works` VALUES ('148', '22', '4', '9', '08:57', '18:38', '2022');
INSERT INTO `works` VALUES ('149', '26', '4', '9', '08:04', '18:58', '2022');
INSERT INTO `works` VALUES ('150', '27', '4', '9', '08:04', '18:51', '2022');
INSERT INTO `works` VALUES ('151', '28', '4', '9', '08:31', '18:16', '2022');
INSERT INTO `works` VALUES ('152', '29', '4', '9', '08:37', '18:09', '2022');
INSERT INTO `works` VALUES ('153', '30', '4', '9', '08:30', '18:12', '2022');
INSERT INTO `works` VALUES ('154', '3', '1', '10', '08:46', '18:22', '2022');
INSERT INTO `works` VALUES ('155', '4', '1', '10', '08:05', '18:42', '2022');
INSERT INTO `works` VALUES ('156', '6', '1', '10', '08:37', '18:28', '2022');
INSERT INTO `works` VALUES ('157', '7', '1', '10', '08:39', '18:21', '2022');
INSERT INTO `works` VALUES ('158', '11', '1', '10', '08:26', '18:54', '2022');
INSERT INTO `works` VALUES ('159', '12', '1', '10', '08:04', '18:35', '2022');
INSERT INTO `works` VALUES ('160', '17', '1', '10', '08:21', '18:54', '2022');
INSERT INTO `works` VALUES ('161', '18', '1', '10', '08:26', '18:10', '2022');
INSERT INTO `works` VALUES ('162', '19', '1', '10', '08:51', '18:41', '2022');
INSERT INTO `works` VALUES ('163', '20', '1', '10', '08:59', '18:09', '2022');
INSERT INTO `works` VALUES ('164', '21', '1', '10', '08:49', '18:18', '2022');
INSERT INTO `works` VALUES ('165', '24', '1', '10', '08:10', '18:09', '2022');
INSERT INTO `works` VALUES ('166', '27', '1', '10', '08:08', '18:34', '2022');
INSERT INTO `works` VALUES ('167', '28', '1', '10', '08:43', '18:48', '2022');
INSERT INTO `works` VALUES ('168', '31', '1', '10', '08:43', '18:16', '2022');
INSERT INTO `works` VALUES ('169', '4', '2', '10', '08:22', '18:45', '2022');
INSERT INTO `works` VALUES ('170', '5', '2', '10', '08:35', '18:56', '2022');
INSERT INTO `works` VALUES ('171', '6', '2', '10', '08:33', '18:12', '2022');
INSERT INTO `works` VALUES ('172', '7', '2', '10', '08:59', '18:00', '2022');
INSERT INTO `works` VALUES ('173', '10', '2', '10', '08:29', '18:56', '2022');
INSERT INTO `works` VALUES ('174', '12', '2', '10', '08:15', '18:50', '2022');
INSERT INTO `works` VALUES ('175', '13', '2', '10', '08:47', '18:30', '2022');
INSERT INTO `works` VALUES ('176', '14', '2', '10', '08:47', '18:17', '2022');
INSERT INTO `works` VALUES ('177', '17', '2', '10', '08:33', '18:56', '2022');
INSERT INTO `works` VALUES ('178', '19', '2', '10', '08:06', '18:33', '2022');
INSERT INTO `works` VALUES ('179', '20', '2', '10', '08:54', '18:18', '2022');
INSERT INTO `works` VALUES ('180', '21', '2', '10', '08:54', '18:35', '2022');
INSERT INTO `works` VALUES ('181', '24', '2', '10', '08:58', '18:03', '2022');
INSERT INTO `works` VALUES ('182', '26', '2', '10', '08:32', '18:13', '2022');
INSERT INTO `works` VALUES ('183', '27', '2', '10', '08:00', '18:49', '2022');
INSERT INTO `works` VALUES ('184', '28', '2', '10', '08:27', '18:17', '2022');
INSERT INTO `works` VALUES ('185', '31', '2', '10', '08:12', '18:49', '2022');
INSERT INTO `works` VALUES ('186', '3', '3', '10', '08:45', '18:18', '2022');
INSERT INTO `works` VALUES ('187', '4', '3', '10', '08:51', '18:59', '2022');
INSERT INTO `works` VALUES ('188', '5', '3', '10', '08:46', '18:50', '2022');
INSERT INTO `works` VALUES ('189', '6', '3', '10', '08:01', '18:50', '2022');
INSERT INTO `works` VALUES ('190', '7', '3', '10', '08:23', '18:46', '2022');
INSERT INTO `works` VALUES ('191', '10', '3', '10', '08:09', '18:07', '2022');
INSERT INTO `works` VALUES ('192', '11', '3', '10', '08:49', '18:20', '2022');
INSERT INTO `works` VALUES ('193', '12', '3', '10', '08:20', '18:00', '2022');
INSERT INTO `works` VALUES ('194', '13', '3', '10', '08:27', '18:34', '2022');
INSERT INTO `works` VALUES ('195', '14', '3', '10', '08:27', '18:19', '2022');
INSERT INTO `works` VALUES ('196', '17', '3', '10', '08:26', '18:00', '2022');
INSERT INTO `works` VALUES ('197', '18', '3', '10', '08:36', '18:21', '2022');
INSERT INTO `works` VALUES ('198', '19', '3', '10', '08:42', '18:07', '2022');
INSERT INTO `works` VALUES ('199', '20', '3', '10', '08:48', '18:07', '2022');
INSERT INTO `works` VALUES ('200', '21', '3', '10', '08:34', '18:32', '2022');
INSERT INTO `works` VALUES ('201', '24', '3', '10', '08:41', '18:16', '2022');
INSERT INTO `works` VALUES ('202', '25', '3', '10', '08:49', '18:00', '2022');
INSERT INTO `works` VALUES ('203', '26', '3', '10', '08:39', '18:01', '2022');
INSERT INTO `works` VALUES ('204', '27', '3', '10', '08:26', '18:27', '2022');
INSERT INTO `works` VALUES ('205', '28', '3', '10', '08:44', '18:49', '2022');
INSERT INTO `works` VALUES ('206', '31', '3', '10', '08:41', '18:25', '2022');
INSERT INTO `works` VALUES ('207', '4', '4', '10', '08:54', '18:04', '2022');
INSERT INTO `works` VALUES ('208', '5', '4', '10', '08:51', '18:54', '2022');
INSERT INTO `works` VALUES ('209', '6', '4', '10', '08:55', '18:50', '2022');
INSERT INTO `works` VALUES ('210', '7', '4', '10', '08:58', '18:30', '2022');
INSERT INTO `works` VALUES ('211', '11', '4', '10', '08:30', '18:05', '2022');
INSERT INTO `works` VALUES ('212', '12', '4', '10', '08:04', '18:13', '2022');
INSERT INTO `works` VALUES ('213', '17', '4', '10', '08:24', '18:29', '2022');
INSERT INTO `works` VALUES ('214', '18', '4', '10', '08:00', '18:52', '2022');
INSERT INTO `works` VALUES ('215', '19', '4', '10', '08:56', '18:41', '2022');
INSERT INTO `works` VALUES ('216', '20', '4', '10', '08:22', '18:25', '2022');
INSERT INTO `works` VALUES ('217', '24', '4', '10', '08:56', '18:55', '2022');
INSERT INTO `works` VALUES ('218', '26', '4', '10', '08:48', '18:22', '2022');
INSERT INTO `works` VALUES ('219', '27', '4', '10', '08:56', '18:39', '2022');
INSERT INTO `works` VALUES ('220', '28', '4', '10', '08:16', '18:31', '2022');
INSERT INTO `works` VALUES ('221', '31', '4', '10', '08:00', '18:10', '2022');
INSERT INTO `works` VALUES ('222', '1', '1', '8', '08:13', '18:55', '2021');
INSERT INTO `works` VALUES ('223', '2', '1', '8', '08:02', '18:36', '2021');
INSERT INTO `works` VALUES ('224', '3', '1', '8', '08:53', '18:18', '2021');
INSERT INTO `works` VALUES ('225', '4', '1', '8', '08:51', '18:22', '2021');
INSERT INTO `works` VALUES ('226', '5', '1', '8', '08:34', '18:25', '2021');
INSERT INTO `works` VALUES ('227', '8', '1', '8', '08:11', '18:50', '2021');
INSERT INTO `works` VALUES ('228', '9', '1', '8', '08:08', '18:11', '2021');
INSERT INTO `works` VALUES ('229', '10', '1', '8', '08:31', '18:27', '2021');
INSERT INTO `works` VALUES ('230', '11', '1', '8', '08:05', '18:45', '2021');
INSERT INTO `works` VALUES ('231', '12', '1', '8', '08:01', '18:25', '2021');
INSERT INTO `works` VALUES ('232', '15', '1', '8', '08:12', '18:21', '2021');
INSERT INTO `works` VALUES ('233', '16', '1', '8', '08:19', '18:27', '2021');
INSERT INTO `works` VALUES ('234', '17', '1', '8', '08:59', '18:16', '2021');
INSERT INTO `works` VALUES ('235', '18', '1', '8', '08:13', '18:00', '2021');
INSERT INTO `works` VALUES ('236', '19', '1', '8', '08:20', '18:51', '2021');
INSERT INTO `works` VALUES ('237', '22', '1', '8', '08:51', '18:21', '2021');
INSERT INTO `works` VALUES ('238', '23', '1', '8', '08:41', '18:29', '2021');
INSERT INTO `works` VALUES ('239', '24', '1', '8', '08:31', '18:53', '2021');
INSERT INTO `works` VALUES ('240', '25', '1', '8', '08:08', '18:52', '2021');
INSERT INTO `works` VALUES ('241', '26', '1', '8', '08:11', '18:18', '2021');
INSERT INTO `works` VALUES ('242', '29', '1', '8', '08:57', '18:11', '2021');
INSERT INTO `works` VALUES ('243', '30', '1', '8', '08:22', '18:36', '2021');
INSERT INTO `works` VALUES ('244', '31', '1', '8', '08:48', '18:34', '2021');
INSERT INTO `works` VALUES ('245', '1', '2', '8', '08:33', '18:30', '2021');
INSERT INTO `works` VALUES ('246', '2', '2', '8', '08:05', '18:50', '2021');
INSERT INTO `works` VALUES ('247', '4', '2', '8', '08:47', '18:27', '2021');
INSERT INTO `works` VALUES ('248', '5', '2', '8', '08:35', '18:24', '2021');
INSERT INTO `works` VALUES ('249', '8', '2', '8', '08:33', '18:04', '2021');
INSERT INTO `works` VALUES ('250', '10', '2', '8', '08:58', '18:48', '2021');
INSERT INTO `works` VALUES ('251', '11', '2', '8', '08:05', '18:43', '2021');
INSERT INTO `works` VALUES ('252', '12', '2', '8', '08:19', '18:01', '2021');
INSERT INTO `works` VALUES ('253', '15', '2', '8', '08:56', '18:01', '2021');
INSERT INTO `works` VALUES ('254', '17', '2', '8', '08:04', '18:05', '2021');
INSERT INTO `works` VALUES ('255', '18', '2', '8', '08:25', '18:14', '2021');
INSERT INTO `works` VALUES ('256', '19', '2', '8', '08:49', '18:22', '2021');
INSERT INTO `works` VALUES ('257', '22', '2', '8', '08:51', '18:39', '2021');
INSERT INTO `works` VALUES ('258', '23', '2', '8', '08:49', '18:20', '2021');
INSERT INTO `works` VALUES ('259', '24', '2', '8', '08:01', '18:25', '2021');
INSERT INTO `works` VALUES ('260', '25', '2', '8', '08:01', '18:48', '2021');
INSERT INTO `works` VALUES ('261', '26', '2', '8', '08:56', '18:49', '2021');
INSERT INTO `works` VALUES ('262', '30', '2', '8', '08:42', '18:31', '2021');
INSERT INTO `works` VALUES ('263', '1', '3', '8', '08:23', '18:01', '2021');
INSERT INTO `works` VALUES ('264', '3', '3', '8', '08:55', '18:00', '2021');
INSERT INTO `works` VALUES ('265', '4', '3', '8', '08:00', '18:51', '2021');
INSERT INTO `works` VALUES ('266', '5', '3', '8', '08:47', '18:29', '2021');
INSERT INTO `works` VALUES ('267', '8', '3', '8', '08:37', '18:08', '2021');
INSERT INTO `works` VALUES ('268', '9', '3', '8', '08:26', '18:42', '2021');
INSERT INTO `works` VALUES ('269', '10', '3', '8', '08:48', '18:18', '2021');
INSERT INTO `works` VALUES ('270', '11', '3', '8', '08:15', '18:51', '2021');
INSERT INTO `works` VALUES ('271', '15', '3', '8', '08:26', '18:16', '2021');
INSERT INTO `works` VALUES ('272', '16', '3', '8', '08:02', '18:14', '2021');
INSERT INTO `works` VALUES ('273', '17', '3', '8', '08:17', '18:02', '2021');
INSERT INTO `works` VALUES ('274', '18', '3', '8', '08:25', '18:31', '2021');
INSERT INTO `works` VALUES ('275', '19', '3', '8', '08:51', '18:02', '2021');
INSERT INTO `works` VALUES ('276', '22', '3', '8', '08:49', '18:48', '2021');
INSERT INTO `works` VALUES ('277', '23', '3', '8', '08:08', '18:33', '2021');
INSERT INTO `works` VALUES ('278', '24', '3', '8', '08:09', '18:27', '2021');
INSERT INTO `works` VALUES ('279', '25', '3', '8', '08:04', '18:40', '2021');
INSERT INTO `works` VALUES ('280', '26', '3', '8', '08:49', '18:27', '2021');
INSERT INTO `works` VALUES ('281', '29', '3', '8', '08:55', '18:26', '2021');
INSERT INTO `works` VALUES ('282', '31', '3', '8', '08:09', '18:11', '2021');
INSERT INTO `works` VALUES ('283', '1', '4', '8', '08:01', '18:40', '2021');
INSERT INTO `works` VALUES ('284', '3', '4', '8', '08:09', '18:24', '2021');
INSERT INTO `works` VALUES ('285', '4', '4', '8', '08:19', '18:38', '2021');
INSERT INTO `works` VALUES ('286', '5', '4', '8', '08:01', '18:21', '2021');
INSERT INTO `works` VALUES ('287', '8', '4', '8', '08:41', '18:30', '2021');
INSERT INTO `works` VALUES ('288', '9', '4', '8', '08:33', '18:38', '2021');
INSERT INTO `works` VALUES ('289', '10', '4', '8', '08:10', '18:59', '2021');
INSERT INTO `works` VALUES ('290', '11', '4', '8', '08:06', '18:47', '2021');
INSERT INTO `works` VALUES ('291', '12', '4', '8', '08:25', '18:11', '2021');
INSERT INTO `works` VALUES ('292', '16', '4', '8', '08:21', '18:52', '2021');
INSERT INTO `works` VALUES ('293', '18', '4', '8', '08:40', '18:21', '2021');
INSERT INTO `works` VALUES ('294', '19', '4', '8', '08:53', '18:47', '2021');
INSERT INTO `works` VALUES ('295', '22', '4', '8', '08:48', '18:03', '2021');
INSERT INTO `works` VALUES ('296', '23', '4', '8', '08:02', '18:29', '2021');
INSERT INTO `works` VALUES ('297', '26', '4', '8', '08:16', '18:52', '2021');
INSERT INTO `works` VALUES ('298', '29', '4', '8', '08:38', '18:15', '2021');
INSERT INTO `works` VALUES ('299', '30', '4', '8', '08:48', '18:51', '2021');
INSERT INTO `works` VALUES ('300', '31', '4', '8', '08:30', '18:42', '2021');
INSERT INTO `works` VALUES ('301', '1', '1', '9', '08:26', '18:56', '2021');
INSERT INTO `works` VALUES ('302', '2', '1', '9', '08:50', '18:23', '2021');
INSERT INTO `works` VALUES ('303', '5', '1', '9', '08:02', '18:51', '2021');
INSERT INTO `works` VALUES ('304', '6', '1', '9', '08:23', '18:40', '2021');
INSERT INTO `works` VALUES ('305', '9', '1', '9', '08:47', '18:12', '2021');
INSERT INTO `works` VALUES ('306', '12', '1', '9', '08:30', '18:05', '2021');
INSERT INTO `works` VALUES ('307', '14', '1', '9', '08:32', '18:09', '2021');
INSERT INTO `works` VALUES ('308', '15', '1', '9', '08:43', '18:26', '2021');
INSERT INTO `works` VALUES ('309', '19', '1', '9', '08:39', '18:11', '2021');
INSERT INTO `works` VALUES ('310', '20', '1', '9', '08:24', '18:35', '2021');
INSERT INTO `works` VALUES ('311', '21', '1', '9', '08:02', '18:39', '2021');
INSERT INTO `works` VALUES ('312', '22', '1', '9', '08:57', '18:35', '2021');
INSERT INTO `works` VALUES ('313', '26', '1', '9', '08:40', '18:04', '2021');
INSERT INTO `works` VALUES ('314', '27', '1', '9', '08:53', '18:28', '2021');
INSERT INTO `works` VALUES ('315', '28', '1', '9', '08:05', '18:59', '2021');
INSERT INTO `works` VALUES ('316', '29', '1', '9', '08:49', '18:10', '2021');
INSERT INTO `works` VALUES ('317', '30', '1', '9', '08:21', '18:01', '2021');
INSERT INTO `works` VALUES ('318', '1', '2', '9', '08:42', '18:01', '2021');
INSERT INTO `works` VALUES ('319', '2', '2', '9', '08:17', '18:01', '2021');
INSERT INTO `works` VALUES ('320', '5', '2', '9', '08:07', '18:09', '2021');
INSERT INTO `works` VALUES ('321', '6', '2', '9', '08:00', '18:42', '2021');
INSERT INTO `works` VALUES ('322', '7', '2', '9', '08:26', '18:25', '2021');
INSERT INTO `works` VALUES ('323', '8', '2', '9', '08:20', '18:14', '2021');
INSERT INTO `works` VALUES ('324', '9', '2', '9', '08:03', '18:48', '2021');
INSERT INTO `works` VALUES ('325', '12', '2', '9', '08:16', '18:24', '2021');
INSERT INTO `works` VALUES ('326', '13', '2', '9', '08:02', '18:11', '2021');
INSERT INTO `works` VALUES ('327', '14', '2', '9', '08:41', '18:58', '2021');
INSERT INTO `works` VALUES ('328', '15', '2', '9', '08:40', '18:25', '2021');
INSERT INTO `works` VALUES ('329', '16', '2', '9', '08:09', '18:34', '2021');
INSERT INTO `works` VALUES ('330', '19', '2', '9', '08:23', '18:46', '2021');
INSERT INTO `works` VALUES ('331', '20', '2', '9', '08:58', '18:19', '2021');
INSERT INTO `works` VALUES ('332', '21', '2', '9', '08:33', '18:44', '2021');
INSERT INTO `works` VALUES ('333', '22', '2', '9', '08:45', '18:52', '2021');
INSERT INTO `works` VALUES ('334', '23', '2', '9', '08:19', '18:38', '2021');
INSERT INTO `works` VALUES ('335', '26', '2', '9', '08:46', '18:30', '2021');
INSERT INTO `works` VALUES ('336', '27', '2', '9', '08:28', '18:52', '2021');
INSERT INTO `works` VALUES ('337', '28', '2', '9', '08:14', '18:04', '2021');
INSERT INTO `works` VALUES ('338', '29', '2', '9', '08:15', '18:08', '2021');
INSERT INTO `works` VALUES ('339', '30', '2', '9', '08:08', '18:35', '2021');
INSERT INTO `works` VALUES ('340', '1', '3', '9', '08:36', '18:17', '2021');
INSERT INTO `works` VALUES ('341', '2', '3', '9', '08:32', '18:20', '2021');
INSERT INTO `works` VALUES ('342', '5', '3', '9', '08:43', '18:26', '2021');
INSERT INTO `works` VALUES ('343', '7', '3', '9', '08:25', '18:05', '2021');
INSERT INTO `works` VALUES ('344', '8', '3', '9', '08:09', '18:46', '2021');
INSERT INTO `works` VALUES ('345', '9', '3', '9', '08:38', '18:52', '2021');
INSERT INTO `works` VALUES ('346', '13', '3', '9', '08:24', '18:35', '2021');
INSERT INTO `works` VALUES ('347', '14', '3', '9', '08:05', '18:44', '2021');
INSERT INTO `works` VALUES ('348', '15', '3', '9', '08:41', '18:22', '2021');
INSERT INTO `works` VALUES ('349', '16', '3', '9', '08:18', '18:13', '2021');
INSERT INTO `works` VALUES ('350', '19', '3', '9', '08:56', '18:10', '2021');
INSERT INTO `works` VALUES ('351', '20', '3', '9', '08:23', '18:12', '2021');
INSERT INTO `works` VALUES ('352', '21', '3', '9', '08:37', '18:06', '2021');
INSERT INTO `works` VALUES ('353', '22', '3', '9', '08:25', '18:03', '2021');
INSERT INTO `works` VALUES ('354', '23', '3', '9', '08:40', '18:45', '2021');
INSERT INTO `works` VALUES ('355', '26', '3', '9', '08:54', '18:08', '2021');
INSERT INTO `works` VALUES ('356', '27', '3', '9', '08:17', '18:42', '2021');
INSERT INTO `works` VALUES ('357', '28', '3', '9', '08:53', '18:01', '2021');
INSERT INTO `works` VALUES ('358', '5', '4', '9', '08:30', '18:40', '2021');
INSERT INTO `works` VALUES ('359', '6', '4', '9', '08:42', '18:48', '2021');
INSERT INTO `works` VALUES ('360', '7', '4', '9', '08:47', '18:54', '2021');
INSERT INTO `works` VALUES ('361', '8', '4', '9', '08:18', '18:30', '2021');
INSERT INTO `works` VALUES ('362', '9', '4', '9', '08:15', '18:31', '2021');
INSERT INTO `works` VALUES ('363', '12', '4', '9', '08:12', '18:07', '2021');
INSERT INTO `works` VALUES ('364', '13', '4', '9', '08:46', '18:33', '2021');
INSERT INTO `works` VALUES ('365', '14', '4', '9', '08:34', '18:05', '2021');
INSERT INTO `works` VALUES ('366', '16', '4', '9', '08:11', '18:19', '2021');
INSERT INTO `works` VALUES ('367', '20', '4', '9', '08:35', '18:18', '2021');
INSERT INTO `works` VALUES ('368', '21', '4', '9', '08:43', '18:27', '2021');
INSERT INTO `works` VALUES ('369', '22', '4', '9', '08:26', '18:53', '2021');
INSERT INTO `works` VALUES ('370', '26', '4', '9', '08:48', '18:22', '2021');
INSERT INTO `works` VALUES ('371', '27', '4', '9', '08:20', '18:28', '2021');
INSERT INTO `works` VALUES ('372', '28', '4', '9', '08:38', '18:20', '2021');
INSERT INTO `works` VALUES ('373', '29', '4', '9', '08:23', '18:58', '2021');
INSERT INTO `works` VALUES ('374', '30', '4', '9', '08:24', '18:56', '2021');
INSERT INTO `works` VALUES ('375', '3', '1', '10', '08:24', '18:35', '2021');
INSERT INTO `works` VALUES ('376', '4', '1', '10', '08:06', '18:22', '2021');
INSERT INTO `works` VALUES ('377', '6', '1', '10', '08:41', '18:31', '2021');
INSERT INTO `works` VALUES ('378', '7', '1', '10', '08:47', '18:17', '2021');
INSERT INTO `works` VALUES ('379', '11', '1', '10', '08:59', '18:41', '2021');
INSERT INTO `works` VALUES ('380', '12', '1', '10', '08:30', '18:56', '2021');
INSERT INTO `works` VALUES ('381', '17', '1', '10', '08:04', '18:46', '2021');
INSERT INTO `works` VALUES ('382', '18', '1', '10', '08:37', '18:03', '2021');
INSERT INTO `works` VALUES ('383', '19', '1', '10', '08:02', '18:14', '2021');
INSERT INTO `works` VALUES ('384', '20', '1', '10', '08:50', '18:14', '2021');
INSERT INTO `works` VALUES ('385', '21', '1', '10', '08:16', '18:12', '2021');
INSERT INTO `works` VALUES ('386', '24', '1', '10', '08:14', '18:04', '2021');
INSERT INTO `works` VALUES ('387', '27', '1', '10', '08:12', '18:48', '2021');
INSERT INTO `works` VALUES ('388', '28', '1', '10', '08:03', '18:58', '2021');
INSERT INTO `works` VALUES ('389', '31', '1', '10', '08:55', '18:01', '2021');
INSERT INTO `works` VALUES ('390', '4', '2', '10', '08:51', '18:07', '2021');
INSERT INTO `works` VALUES ('391', '5', '2', '10', '08:53', '18:04', '2021');
INSERT INTO `works` VALUES ('392', '6', '2', '10', '08:14', '18:07', '2021');
INSERT INTO `works` VALUES ('393', '7', '2', '10', '08:21', '18:09', '2021');
INSERT INTO `works` VALUES ('394', '10', '2', '10', '08:13', '18:20', '2021');
INSERT INTO `works` VALUES ('395', '12', '2', '10', '08:03', '18:49', '2021');
INSERT INTO `works` VALUES ('396', '13', '2', '10', '08:29', '18:49', '2021');
INSERT INTO `works` VALUES ('397', '14', '2', '10', '08:37', '18:10', '2021');
INSERT INTO `works` VALUES ('398', '17', '2', '10', '08:38', '18:52', '2021');
INSERT INTO `works` VALUES ('399', '19', '2', '10', '08:57', '18:41', '2021');
INSERT INTO `works` VALUES ('400', '20', '2', '10', '08:40', '18:51', '2021');
INSERT INTO `works` VALUES ('401', '21', '2', '10', '08:45', '18:48', '2021');
INSERT INTO `works` VALUES ('402', '24', '2', '10', '08:37', '18:19', '2021');
INSERT INTO `works` VALUES ('403', '26', '2', '10', '08:28', '18:00', '2021');
INSERT INTO `works` VALUES ('404', '27', '2', '10', '08:09', '18:31', '2021');
INSERT INTO `works` VALUES ('405', '28', '2', '10', '08:08', '18:31', '2021');
INSERT INTO `works` VALUES ('406', '31', '2', '10', '08:00', '18:35', '2021');
INSERT INTO `works` VALUES ('407', '3', '3', '10', '08:17', '18:31', '2021');
INSERT INTO `works` VALUES ('408', '4', '3', '10', '08:32', '18:23', '2021');
INSERT INTO `works` VALUES ('409', '5', '3', '10', '08:32', '18:53', '2021');
INSERT INTO `works` VALUES ('410', '6', '3', '10', '08:01', '18:09', '2021');
INSERT INTO `works` VALUES ('411', '7', '3', '10', '08:29', '18:36', '2021');
INSERT INTO `works` VALUES ('412', '10', '3', '10', '08:45', '18:02', '2021');
INSERT INTO `works` VALUES ('413', '11', '3', '10', '08:15', '18:53', '2021');
INSERT INTO `works` VALUES ('414', '12', '3', '10', '08:09', '18:30', '2021');
INSERT INTO `works` VALUES ('415', '13', '3', '10', '08:36', '18:38', '2021');
INSERT INTO `works` VALUES ('416', '14', '3', '10', '08:57', '18:07', '2021');
INSERT INTO `works` VALUES ('417', '17', '3', '10', '08:18', '18:25', '2021');
INSERT INTO `works` VALUES ('418', '18', '3', '10', '08:26', '18:27', '2021');
INSERT INTO `works` VALUES ('419', '19', '3', '10', '08:34', '18:43', '2021');
INSERT INTO `works` VALUES ('420', '20', '3', '10', '08:25', '18:47', '2021');
INSERT INTO `works` VALUES ('421', '21', '3', '10', '08:21', '18:49', '2021');
INSERT INTO `works` VALUES ('422', '24', '3', '10', '08:53', '18:49', '2021');
INSERT INTO `works` VALUES ('423', '25', '3', '10', '08:45', '18:15', '2021');
INSERT INTO `works` VALUES ('424', '26', '3', '10', '08:14', '18:49', '2021');
INSERT INTO `works` VALUES ('425', '27', '3', '10', '08:56', '18:49', '2021');
INSERT INTO `works` VALUES ('426', '28', '3', '10', '08:05', '18:21', '2021');
INSERT INTO `works` VALUES ('427', '31', '3', '10', '08:00', '18:58', '2021');
INSERT INTO `works` VALUES ('428', '4', '4', '10', '08:40', '18:25', '2021');
INSERT INTO `works` VALUES ('429', '5', '4', '10', '08:09', '18:44', '2021');
INSERT INTO `works` VALUES ('430', '6', '4', '10', '08:54', '18:41', '2021');
INSERT INTO `works` VALUES ('431', '7', '4', '10', '08:47', '18:15', '2021');
INSERT INTO `works` VALUES ('432', '11', '4', '10', '08:58', '18:04', '2021');
INSERT INTO `works` VALUES ('433', '12', '4', '10', '08:21', '18:46', '2021');
INSERT INTO `works` VALUES ('434', '17', '4', '10', '08:05', '18:30', '2021');
INSERT INTO `works` VALUES ('435', '18', '4', '10', '08:06', '18:43', '2021');
INSERT INTO `works` VALUES ('436', '19', '4', '10', '08:09', '18:58', '2021');
INSERT INTO `works` VALUES ('437', '20', '4', '10', '08:07', '18:27', '2021');
INSERT INTO `works` VALUES ('438', '24', '4', '10', '08:10', '18:58', '2021');
INSERT INTO `works` VALUES ('439', '26', '4', '10', '08:42', '18:25', '2021');
INSERT INTO `works` VALUES ('440', '27', '4', '10', '08:26', '18:34', '2021');
INSERT INTO `works` VALUES ('441', '28', '4', '10', '08:08', '18:35', '2021');
INSERT INTO `works` VALUES ('442', '31', '4', '10', '08:32', '18:33', '2021');
INSERT INTO `works` VALUES ('443', '1', '1', '11', '08:07', '18:06', '2021');
INSERT INTO `works` VALUES ('444', '2', '1', '11', '08:38', '18:26', '2021');
INSERT INTO `works` VALUES ('445', '3', '1', '11', '08:14', '18:37', '2021');
INSERT INTO `works` VALUES ('446', '4', '1', '11', '08:29', '18:37', '2021');
INSERT INTO `works` VALUES ('447', '5', '1', '11', '08:10', '18:25', '2021');
INSERT INTO `works` VALUES ('448', '8', '1', '11', '08:58', '18:29', '2021');
INSERT INTO `works` VALUES ('449', '9', '1', '11', '08:17', '18:43', '2021');
INSERT INTO `works` VALUES ('450', '10', '1', '11', '08:20', '18:48', '2021');
INSERT INTO `works` VALUES ('451', '11', '1', '11', '08:49', '18:41', '2021');
INSERT INTO `works` VALUES ('452', '12', '1', '11', '08:40', '18:09', '2021');
INSERT INTO `works` VALUES ('453', '15', '1', '11', '08:36', '18:13', '2021');
INSERT INTO `works` VALUES ('454', '16', '1', '11', '08:29', '18:57', '2021');
INSERT INTO `works` VALUES ('455', '17', '1', '11', '08:17', '18:34', '2021');
INSERT INTO `works` VALUES ('456', '18', '1', '11', '08:59', '18:28', '2021');
INSERT INTO `works` VALUES ('457', '19', '1', '11', '08:12', '18:00', '2021');
INSERT INTO `works` VALUES ('458', '22', '1', '11', '08:38', '18:40', '2021');
INSERT INTO `works` VALUES ('459', '23', '1', '11', '08:23', '18:44', '2021');
INSERT INTO `works` VALUES ('460', '24', '1', '11', '08:55', '18:30', '2021');
INSERT INTO `works` VALUES ('461', '25', '1', '11', '08:23', '18:48', '2021');
INSERT INTO `works` VALUES ('462', '26', '1', '11', '08:21', '18:31', '2021');
INSERT INTO `works` VALUES ('463', '29', '1', '11', '08:03', '18:28', '2021');
INSERT INTO `works` VALUES ('464', '30', '1', '11', '08:29', '18:03', '2021');
INSERT INTO `works` VALUES ('465', '31', '1', '11', '08:41', '18:18', '2021');
INSERT INTO `works` VALUES ('466', '1', '2', '11', '08:42', '18:46', '2021');
INSERT INTO `works` VALUES ('467', '2', '2', '11', '08:39', '18:49', '2021');
INSERT INTO `works` VALUES ('468', '4', '2', '11', '08:13', '18:11', '2021');
INSERT INTO `works` VALUES ('469', '5', '2', '11', '08:25', '18:06', '2021');
INSERT INTO `works` VALUES ('470', '8', '2', '11', '08:08', '18:19', '2021');
INSERT INTO `works` VALUES ('471', '10', '2', '11', '08:22', '18:54', '2021');
INSERT INTO `works` VALUES ('472', '11', '2', '11', '08:44', '18:46', '2021');
INSERT INTO `works` VALUES ('473', '12', '2', '11', '08:04', '18:57', '2021');
INSERT INTO `works` VALUES ('474', '15', '2', '11', '08:36', '18:53', '2021');
INSERT INTO `works` VALUES ('475', '17', '2', '11', '08:18', '18:49', '2021');
INSERT INTO `works` VALUES ('476', '18', '2', '11', '08:20', '18:16', '2021');
INSERT INTO `works` VALUES ('477', '19', '2', '11', '08:31', '18:47', '2021');
INSERT INTO `works` VALUES ('478', '22', '2', '11', '08:36', '18:46', '2021');
INSERT INTO `works` VALUES ('479', '23', '2', '11', '08:33', '18:34', '2021');
INSERT INTO `works` VALUES ('480', '24', '2', '11', '08:40', '18:41', '2021');
INSERT INTO `works` VALUES ('481', '25', '2', '11', '08:00', '18:57', '2021');
INSERT INTO `works` VALUES ('482', '26', '2', '11', '08:18', '18:49', '2021');
INSERT INTO `works` VALUES ('483', '30', '2', '11', '08:16', '18:05', '2021');
INSERT INTO `works` VALUES ('484', '1', '3', '11', '08:57', '18:22', '2021');
INSERT INTO `works` VALUES ('485', '3', '3', '11', '08:02', '18:54', '2021');
INSERT INTO `works` VALUES ('486', '4', '3', '11', '08:31', '18:36', '2021');
INSERT INTO `works` VALUES ('487', '5', '3', '11', '08:35', '18:27', '2021');
INSERT INTO `works` VALUES ('488', '8', '3', '11', '08:44', '18:37', '2021');
INSERT INTO `works` VALUES ('489', '9', '3', '11', '08:37', '18:23', '2021');
INSERT INTO `works` VALUES ('490', '10', '3', '11', '08:06', '18:15', '2021');
INSERT INTO `works` VALUES ('491', '11', '3', '11', '08:56', '18:18', '2021');
INSERT INTO `works` VALUES ('492', '15', '3', '11', '08:07', '18:22', '2021');
INSERT INTO `works` VALUES ('493', '16', '3', '11', '08:11', '18:16', '2021');
INSERT INTO `works` VALUES ('494', '17', '3', '11', '08:33', '18:11', '2021');
INSERT INTO `works` VALUES ('495', '18', '3', '11', '08:30', '18:44', '2021');
INSERT INTO `works` VALUES ('496', '19', '3', '11', '08:16', '18:44', '2021');
INSERT INTO `works` VALUES ('497', '22', '3', '11', '08:02', '18:08', '2021');
INSERT INTO `works` VALUES ('498', '23', '3', '11', '08:35', '18:39', '2021');
INSERT INTO `works` VALUES ('499', '24', '3', '11', '08:27', '18:36', '2021');
INSERT INTO `works` VALUES ('500', '25', '3', '11', '08:46', '18:41', '2021');
INSERT INTO `works` VALUES ('501', '26', '3', '11', '08:44', '18:39', '2021');
INSERT INTO `works` VALUES ('502', '29', '3', '11', '08:45', '18:00', '2021');
INSERT INTO `works` VALUES ('503', '31', '3', '11', '08:27', '18:00', '2021');
INSERT INTO `works` VALUES ('504', '1', '4', '11', '08:20', '18:32', '2021');
INSERT INTO `works` VALUES ('505', '3', '4', '11', '08:30', '18:03', '2021');
INSERT INTO `works` VALUES ('506', '4', '4', '11', '08:02', '18:50', '2021');
INSERT INTO `works` VALUES ('507', '5', '4', '11', '08:57', '18:41', '2021');
INSERT INTO `works` VALUES ('508', '8', '4', '11', '08:01', '18:12', '2021');
INSERT INTO `works` VALUES ('509', '9', '4', '11', '08:57', '18:23', '2021');
INSERT INTO `works` VALUES ('510', '10', '4', '11', '08:23', '18:44', '2021');
INSERT INTO `works` VALUES ('511', '11', '4', '11', '08:54', '18:18', '2021');
INSERT INTO `works` VALUES ('512', '12', '4', '11', '08:12', '18:41', '2021');
INSERT INTO `works` VALUES ('513', '16', '4', '11', '08:33', '18:57', '2021');
INSERT INTO `works` VALUES ('514', '18', '4', '11', '08:08', '18:29', '2021');
INSERT INTO `works` VALUES ('515', '19', '4', '11', '08:43', '18:26', '2021');
INSERT INTO `works` VALUES ('516', '22', '4', '11', '08:21', '18:42', '2021');
INSERT INTO `works` VALUES ('517', '23', '4', '11', '08:04', '18:27', '2021');
INSERT INTO `works` VALUES ('518', '26', '4', '11', '08:43', '18:25', '2021');
INSERT INTO `works` VALUES ('519', '29', '4', '11', '08:50', '18:31', '2021');
INSERT INTO `works` VALUES ('520', '30', '4', '11', '08:43', '18:54', '2021');
INSERT INTO `works` VALUES ('521', '31', '4', '11', '08:42', '18:25', '2021');
INSERT INTO `works` VALUES ('522', '1', '1', '12', '08:29', '18:27', '2021');
INSERT INTO `works` VALUES ('523', '2', '1', '12', '08:31', '18:31', '2021');
INSERT INTO `works` VALUES ('524', '5', '1', '12', '08:02', '18:50', '2021');
INSERT INTO `works` VALUES ('525', '6', '1', '12', '08:28', '18:48', '2021');
INSERT INTO `works` VALUES ('526', '9', '1', '12', '08:27', '18:17', '2021');
INSERT INTO `works` VALUES ('527', '12', '1', '12', '08:25', '18:17', '2021');
INSERT INTO `works` VALUES ('528', '14', '1', '12', '08:40', '18:05', '2021');
INSERT INTO `works` VALUES ('529', '15', '1', '12', '08:20', '18:18', '2021');
INSERT INTO `works` VALUES ('530', '19', '1', '12', '08:56', '18:22', '2021');
INSERT INTO `works` VALUES ('531', '20', '1', '12', '08:25', '18:37', '2021');
INSERT INTO `works` VALUES ('532', '21', '1', '12', '08:44', '18:45', '2021');
INSERT INTO `works` VALUES ('533', '22', '1', '12', '08:33', '18:40', '2021');
INSERT INTO `works` VALUES ('534', '26', '1', '12', '08:12', '18:41', '2021');
INSERT INTO `works` VALUES ('535', '27', '1', '12', '08:25', '18:25', '2021');
INSERT INTO `works` VALUES ('536', '28', '1', '12', '08:59', '18:56', '2021');
INSERT INTO `works` VALUES ('537', '29', '1', '12', '08:19', '18:31', '2021');
INSERT INTO `works` VALUES ('538', '30', '1', '12', '08:40', '18:17', '2021');
INSERT INTO `works` VALUES ('539', '1', '2', '12', '08:48', '18:53', '2021');
INSERT INTO `works` VALUES ('540', '2', '2', '12', '08:00', '18:35', '2021');
INSERT INTO `works` VALUES ('541', '5', '2', '12', '08:30', '18:31', '2021');
INSERT INTO `works` VALUES ('542', '6', '2', '12', '08:56', '18:36', '2021');
INSERT INTO `works` VALUES ('543', '7', '2', '12', '08:48', '18:20', '2021');
INSERT INTO `works` VALUES ('544', '8', '2', '12', '08:18', '18:49', '2021');
INSERT INTO `works` VALUES ('545', '9', '2', '12', '08:18', '18:07', '2021');
INSERT INTO `works` VALUES ('546', '12', '2', '12', '08:21', '18:27', '2021');
INSERT INTO `works` VALUES ('547', '13', '2', '12', '08:13', '18:07', '2021');
INSERT INTO `works` VALUES ('548', '14', '2', '12', '08:45', '18:11', '2021');
INSERT INTO `works` VALUES ('549', '15', '2', '12', '08:24', '18:28', '2021');
INSERT INTO `works` VALUES ('550', '16', '2', '12', '08:26', '18:09', '2021');
INSERT INTO `works` VALUES ('551', '19', '2', '12', '08:24', '18:34', '2021');
INSERT INTO `works` VALUES ('552', '20', '2', '12', '08:39', '18:40', '2021');
INSERT INTO `works` VALUES ('553', '21', '2', '12', '08:30', '18:04', '2021');
INSERT INTO `works` VALUES ('554', '22', '2', '12', '08:57', '18:09', '2021');
INSERT INTO `works` VALUES ('555', '23', '2', '12', '08:06', '18:07', '2021');
INSERT INTO `works` VALUES ('556', '26', '2', '12', '08:13', '18:53', '2021');
INSERT INTO `works` VALUES ('557', '27', '2', '12', '08:30', '18:53', '2021');
INSERT INTO `works` VALUES ('558', '28', '2', '12', '08:17', '18:20', '2021');
INSERT INTO `works` VALUES ('559', '29', '2', '12', '08:24', '18:28', '2021');
INSERT INTO `works` VALUES ('560', '30', '2', '12', '08:17', '18:54', '2021');
INSERT INTO `works` VALUES ('561', '1', '3', '12', '08:13', '18:59', '2021');
INSERT INTO `works` VALUES ('562', '2', '3', '12', '08:55', '18:39', '2021');
INSERT INTO `works` VALUES ('563', '5', '3', '12', '08:58', '18:50', '2021');
INSERT INTO `works` VALUES ('564', '7', '3', '12', '08:31', '18:18', '2021');
INSERT INTO `works` VALUES ('565', '8', '3', '12', '08:55', '18:07', '2021');
INSERT INTO `works` VALUES ('566', '9', '3', '12', '08:06', '18:35', '2021');
INSERT INTO `works` VALUES ('567', '13', '3', '12', '08:35', '18:01', '2021');
INSERT INTO `works` VALUES ('568', '14', '3', '12', '08:46', '18:42', '2021');
INSERT INTO `works` VALUES ('569', '15', '3', '12', '08:19', '18:20', '2021');
INSERT INTO `works` VALUES ('570', '16', '3', '12', '08:13', '18:41', '2021');
INSERT INTO `works` VALUES ('571', '19', '3', '12', '08:42', '18:19', '2021');
INSERT INTO `works` VALUES ('572', '20', '3', '12', '08:33', '18:25', '2021');
INSERT INTO `works` VALUES ('573', '21', '3', '12', '08:44', '18:42', '2021');
INSERT INTO `works` VALUES ('574', '22', '3', '12', '08:49', '18:41', '2021');
INSERT INTO `works` VALUES ('575', '23', '3', '12', '08:41', '18:39', '2021');
INSERT INTO `works` VALUES ('576', '26', '3', '12', '08:55', '18:16', '2021');
INSERT INTO `works` VALUES ('577', '27', '3', '12', '08:16', '18:33', '2021');
INSERT INTO `works` VALUES ('578', '28', '3', '12', '08:53', '18:10', '2021');
INSERT INTO `works` VALUES ('579', '5', '4', '12', '08:52', '18:27', '2021');
INSERT INTO `works` VALUES ('580', '6', '4', '12', '08:33', '18:51', '2021');
INSERT INTO `works` VALUES ('581', '7', '4', '12', '08:50', '18:27', '2021');
INSERT INTO `works` VALUES ('582', '8', '4', '12', '08:53', '18:10', '2021');
INSERT INTO `works` VALUES ('583', '9', '4', '12', '08:19', '18:47', '2021');
INSERT INTO `works` VALUES ('584', '12', '4', '12', '08:46', '18:02', '2021');
INSERT INTO `works` VALUES ('585', '13', '4', '12', '08:18', '18:54', '2021');
INSERT INTO `works` VALUES ('586', '14', '4', '12', '08:37', '18:26', '2021');
INSERT INTO `works` VALUES ('587', '16', '4', '12', '08:41', '18:18', '2021');
INSERT INTO `works` VALUES ('588', '20', '4', '12', '08:19', '18:39', '2021');
INSERT INTO `works` VALUES ('589', '21', '4', '12', '08:48', '18:27', '2021');
INSERT INTO `works` VALUES ('590', '22', '4', '12', '08:51', '18:28', '2021');
INSERT INTO `works` VALUES ('591', '26', '4', '12', '08:40', '18:05', '2021');
INSERT INTO `works` VALUES ('592', '27', '4', '12', '08:49', '18:35', '2021');
INSERT INTO `works` VALUES ('593', '28', '4', '12', '08:00', '18:02', '2021');
INSERT INTO `works` VALUES ('594', '29', '4', '12', '08:03', '18:49', '2021');
INSERT INTO `works` VALUES ('595', '30', '4', '12', '08:26', '18:01', '2021');
INSERT INTO `works` VALUES ('596', '3', '1', '1', '08:13', '18:40', '2022');
INSERT INTO `works` VALUES ('597', '4', '1', '1', '08:43', '18:23', '2022');
INSERT INTO `works` VALUES ('598', '6', '1', '1', '08:50', '18:51', '2022');
INSERT INTO `works` VALUES ('599', '7', '1', '1', '08:33', '18:52', '2022');
INSERT INTO `works` VALUES ('600', '11', '1', '1', '08:53', '18:31', '2022');
INSERT INTO `works` VALUES ('601', '12', '1', '1', '08:12', '18:42', '2022');
INSERT INTO `works` VALUES ('602', '17', '1', '1', '08:10', '18:53', '2022');
INSERT INTO `works` VALUES ('603', '18', '1', '1', '08:43', '18:08', '2022');
INSERT INTO `works` VALUES ('604', '19', '1', '1', '08:50', '18:33', '2022');
INSERT INTO `works` VALUES ('605', '20', '1', '1', '08:45', '18:16', '2022');
INSERT INTO `works` VALUES ('606', '21', '1', '1', '08:19', '18:18', '2022');
INSERT INTO `works` VALUES ('607', '24', '1', '1', '08:07', '18:37', '2022');
INSERT INTO `works` VALUES ('608', '27', '1', '1', '08:29', '18:27', '2022');
INSERT INTO `works` VALUES ('609', '28', '1', '1', '08:04', '18:01', '2022');
INSERT INTO `works` VALUES ('610', '31', '1', '1', '08:16', '18:15', '2022');
INSERT INTO `works` VALUES ('611', '4', '2', '1', '08:30', '18:29', '2022');
INSERT INTO `works` VALUES ('612', '5', '2', '1', '08:41', '18:00', '2022');
INSERT INTO `works` VALUES ('613', '6', '2', '1', '08:43', '18:38', '2022');
INSERT INTO `works` VALUES ('614', '7', '2', '1', '08:43', '18:16', '2022');
INSERT INTO `works` VALUES ('615', '10', '2', '1', '08:24', '18:17', '2022');
INSERT INTO `works` VALUES ('616', '12', '2', '1', '08:35', '18:58', '2022');
INSERT INTO `works` VALUES ('617', '13', '2', '1', '08:11', '18:14', '2022');
INSERT INTO `works` VALUES ('618', '14', '2', '1', '08:26', '18:46', '2022');
INSERT INTO `works` VALUES ('619', '17', '2', '1', '08:38', '18:51', '2022');
INSERT INTO `works` VALUES ('620', '19', '2', '1', '08:06', '18:32', '2022');
INSERT INTO `works` VALUES ('621', '20', '2', '1', '08:03', '18:49', '2022');
INSERT INTO `works` VALUES ('622', '21', '2', '1', '08:37', '18:56', '2022');
INSERT INTO `works` VALUES ('623', '24', '2', '1', '08:20', '18:24', '2022');
INSERT INTO `works` VALUES ('624', '26', '2', '1', '08:41', '18:16', '2022');
INSERT INTO `works` VALUES ('625', '27', '2', '1', '08:32', '18:35', '2022');
INSERT INTO `works` VALUES ('626', '28', '2', '1', '08:14', '18:48', '2022');
INSERT INTO `works` VALUES ('627', '31', '2', '1', '08:08', '18:29', '2022');
INSERT INTO `works` VALUES ('628', '3', '3', '1', '08:30', '18:36', '2022');
INSERT INTO `works` VALUES ('629', '4', '3', '1', '08:54', '18:46', '2022');
INSERT INTO `works` VALUES ('630', '5', '3', '1', '08:53', '18:17', '2022');
INSERT INTO `works` VALUES ('631', '6', '3', '1', '08:25', '18:15', '2022');
INSERT INTO `works` VALUES ('632', '7', '3', '1', '08:24', '18:41', '2022');
INSERT INTO `works` VALUES ('633', '10', '3', '1', '08:22', '18:46', '2022');
INSERT INTO `works` VALUES ('634', '11', '3', '1', '08:51', '18:38', '2022');
INSERT INTO `works` VALUES ('635', '12', '3', '1', '08:59', '18:30', '2022');
INSERT INTO `works` VALUES ('636', '13', '3', '1', '08:38', '18:17', '2022');
INSERT INTO `works` VALUES ('637', '14', '3', '1', '08:40', '18:40', '2022');
INSERT INTO `works` VALUES ('638', '17', '3', '1', '08:35', '18:51', '2022');
INSERT INTO `works` VALUES ('639', '18', '3', '1', '08:15', '18:48', '2022');
INSERT INTO `works` VALUES ('640', '19', '3', '1', '08:38', '18:43', '2022');
INSERT INTO `works` VALUES ('641', '20', '3', '1', '08:29', '18:01', '2022');
INSERT INTO `works` VALUES ('642', '21', '3', '1', '08:32', '18:11', '2022');
INSERT INTO `works` VALUES ('643', '24', '3', '1', '09:00', '18:54', '2022');
INSERT INTO `works` VALUES ('644', '25', '3', '1', '08:21', '18:31', '2022');
INSERT INTO `works` VALUES ('645', '26', '3', '1', '08:27', '18:42', '2022');
INSERT INTO `works` VALUES ('646', '27', '3', '1', '08:30', '18:54', '2022');
INSERT INTO `works` VALUES ('647', '28', '3', '1', '08:35', '18:32', '2022');
INSERT INTO `works` VALUES ('648', '31', '3', '1', '08:21', '18:18', '2022');
INSERT INTO `works` VALUES ('649', '4', '4', '1', '08:01', '18:29', '2022');
INSERT INTO `works` VALUES ('650', '5', '4', '1', '08:29', '18:03', '2022');
INSERT INTO `works` VALUES ('651', '6', '4', '1', '08:01', '18:03', '2022');
INSERT INTO `works` VALUES ('652', '7', '4', '1', '08:24', '18:35', '2022');
INSERT INTO `works` VALUES ('653', '11', '4', '1', '08:29', '18:02', '2022');
INSERT INTO `works` VALUES ('654', '12', '4', '1', '08:52', '18:44', '2022');
INSERT INTO `works` VALUES ('655', '17', '4', '1', '08:30', '18:21', '2022');
INSERT INTO `works` VALUES ('656', '18', '4', '1', '08:44', '18:12', '2022');
INSERT INTO `works` VALUES ('657', '19', '4', '1', '08:18', '18:42', '2022');
INSERT INTO `works` VALUES ('658', '20', '4', '1', '08:06', '18:40', '2022');
INSERT INTO `works` VALUES ('659', '24', '4', '1', '08:58', '18:18', '2022');
INSERT INTO `works` VALUES ('660', '26', '4', '1', '08:37', '18:45', '2022');
INSERT INTO `works` VALUES ('661', '27', '4', '1', '08:40', '18:12', '2022');
INSERT INTO `works` VALUES ('662', '28', '4', '1', '08:14', '18:10', '2022');
INSERT INTO `works` VALUES ('663', '31', '4', '1', '08:32', '18:48', '2022');
INSERT INTO `works` VALUES ('664', '1', '1', '2', '08:30', '18:13', '2022');
INSERT INTO `works` VALUES ('665', '2', '1', '2', '08:50', '18:31', '2022');
INSERT INTO `works` VALUES ('666', '3', '1', '2', '08:26', '18:18', '2022');
INSERT INTO `works` VALUES ('667', '4', '1', '2', '08:30', '18:40', '2022');
INSERT INTO `works` VALUES ('668', '5', '1', '2', '08:13', '18:49', '2022');
INSERT INTO `works` VALUES ('669', '8', '1', '2', '08:41', '18:27', '2022');
INSERT INTO `works` VALUES ('670', '9', '1', '2', '08:47', '18:52', '2022');
INSERT INTO `works` VALUES ('671', '10', '1', '2', '08:57', '18:44', '2022');
INSERT INTO `works` VALUES ('672', '11', '1', '2', '08:07', '18:42', '2022');
INSERT INTO `works` VALUES ('673', '12', '1', '2', '08:07', '18:50', '2022');
INSERT INTO `works` VALUES ('674', '15', '1', '2', '08:51', '18:02', '2022');
INSERT INTO `works` VALUES ('675', '16', '1', '2', '08:50', '18:03', '2022');
INSERT INTO `works` VALUES ('676', '17', '1', '2', '08:14', '18:47', '2022');
INSERT INTO `works` VALUES ('677', '18', '1', '2', '08:43', '18:37', '2022');
INSERT INTO `works` VALUES ('678', '19', '1', '2', '08:34', '18:09', '2022');
INSERT INTO `works` VALUES ('679', '22', '1', '2', '08:04', '18:38', '2022');
INSERT INTO `works` VALUES ('680', '23', '1', '2', '08:57', '18:17', '2022');
INSERT INTO `works` VALUES ('681', '24', '1', '2', '08:53', '18:19', '2022');
INSERT INTO `works` VALUES ('682', '25', '1', '2', '08:01', '18:53', '2022');
INSERT INTO `works` VALUES ('683', '26', '1', '2', '08:47', '18:39', '2022');
INSERT INTO `works` VALUES ('684', '29', '1', '2', '08:04', '18:52', '2022');
INSERT INTO `works` VALUES ('685', '30', '1', '2', '08:59', '18:36', '2022');
INSERT INTO `works` VALUES ('686', '31', '1', '2', '08:50', '18:00', '2022');
INSERT INTO `works` VALUES ('687', '1', '2', '2', '08:24', '18:38', '2022');
INSERT INTO `works` VALUES ('688', '2', '2', '2', '08:46', '18:58', '2022');
INSERT INTO `works` VALUES ('689', '4', '2', '2', '08:05', '18:50', '2022');
INSERT INTO `works` VALUES ('690', '5', '2', '2', '08:32', '18:22', '2022');
INSERT INTO `works` VALUES ('691', '8', '2', '2', '08:39', '18:13', '2022');
INSERT INTO `works` VALUES ('692', '10', '2', '2', '08:34', '18:58', '2022');
INSERT INTO `works` VALUES ('693', '11', '2', '2', '08:27', '18:58', '2022');
INSERT INTO `works` VALUES ('694', '12', '2', '2', '08:07', '18:10', '2022');
INSERT INTO `works` VALUES ('695', '15', '2', '2', '08:04', '18:08', '2022');
INSERT INTO `works` VALUES ('696', '17', '2', '2', '08:31', '18:07', '2022');
INSERT INTO `works` VALUES ('697', '18', '2', '2', '08:09', '18:34', '2022');
INSERT INTO `works` VALUES ('698', '19', '2', '2', '08:57', '18:31', '2022');
INSERT INTO `works` VALUES ('699', '22', '2', '2', '08:50', '18:05', '2022');
INSERT INTO `works` VALUES ('700', '23', '2', '2', '08:09', '18:14', '2022');
INSERT INTO `works` VALUES ('701', '24', '2', '2', '08:00', '18:41', '2022');
INSERT INTO `works` VALUES ('702', '25', '2', '2', '08:19', '18:40', '2022');
INSERT INTO `works` VALUES ('703', '26', '2', '2', '08:55', '18:24', '2022');
INSERT INTO `works` VALUES ('704', '30', '2', '2', '08:12', '18:03', '2022');
INSERT INTO `works` VALUES ('705', '1', '3', '2', '08:24', '18:40', '2022');
INSERT INTO `works` VALUES ('706', '3', '3', '2', '08:38', '18:21', '2022');
INSERT INTO `works` VALUES ('707', '4', '3', '2', '08:24', '18:55', '2022');
INSERT INTO `works` VALUES ('708', '5', '3', '2', '08:23', '18:11', '2022');
INSERT INTO `works` VALUES ('709', '8', '3', '2', '08:46', '18:22', '2022');
INSERT INTO `works` VALUES ('710', '9', '3', '2', '08:45', '18:23', '2022');
INSERT INTO `works` VALUES ('711', '10', '3', '2', '08:30', '18:48', '2022');
INSERT INTO `works` VALUES ('712', '11', '3', '2', '08:58', '18:00', '2022');
INSERT INTO `works` VALUES ('713', '15', '3', '2', '08:01', '18:17', '2022');
INSERT INTO `works` VALUES ('714', '16', '3', '2', '08:23', '18:41', '2022');
INSERT INTO `works` VALUES ('715', '17', '3', '2', '08:48', '18:57', '2022');
INSERT INTO `works` VALUES ('716', '18', '3', '2', '08:52', '18:16', '2022');
INSERT INTO `works` VALUES ('717', '19', '3', '2', '08:01', '18:47', '2022');
INSERT INTO `works` VALUES ('718', '22', '3', '2', '08:33', '18:37', '2022');
INSERT INTO `works` VALUES ('719', '23', '3', '2', '08:48', '18:05', '2022');
INSERT INTO `works` VALUES ('720', '24', '3', '2', '08:35', '18:51', '2022');
INSERT INTO `works` VALUES ('721', '25', '3', '2', '08:19', '18:45', '2022');
INSERT INTO `works` VALUES ('722', '26', '3', '2', '08:46', '18:26', '2022');
INSERT INTO `works` VALUES ('723', '29', '3', '2', '08:56', '18:58', '2022');
INSERT INTO `works` VALUES ('724', '31', '3', '2', '08:38', '18:38', '2022');
INSERT INTO `works` VALUES ('725', '1', '4', '2', '08:07', '18:31', '2022');
INSERT INTO `works` VALUES ('726', '3', '4', '2', '08:07', '18:03', '2022');
INSERT INTO `works` VALUES ('727', '4', '4', '2', '08:11', '18:06', '2022');
INSERT INTO `works` VALUES ('728', '5', '4', '2', '08:37', '18:34', '2022');
INSERT INTO `works` VALUES ('729', '8', '4', '2', '08:34', '18:37', '2022');
INSERT INTO `works` VALUES ('730', '9', '4', '2', '08:56', '18:48', '2022');
INSERT INTO `works` VALUES ('731', '10', '4', '2', '08:29', '18:17', '2022');
INSERT INTO `works` VALUES ('732', '11', '4', '2', '08:23', '18:51', '2022');
INSERT INTO `works` VALUES ('733', '12', '4', '2', '08:33', '18:05', '2022');
INSERT INTO `works` VALUES ('734', '16', '4', '2', '08:10', '18:22', '2022');
INSERT INTO `works` VALUES ('735', '18', '4', '2', '08:47', '18:40', '2022');
INSERT INTO `works` VALUES ('736', '19', '4', '2', '08:54', '18:24', '2022');
INSERT INTO `works` VALUES ('737', '22', '4', '2', '08:31', '18:09', '2022');
INSERT INTO `works` VALUES ('738', '23', '4', '2', '08:25', '18:06', '2022');
INSERT INTO `works` VALUES ('739', '26', '4', '2', '08:17', '18:19', '2022');
INSERT INTO `works` VALUES ('740', '29', '4', '2', '08:22', '18:11', '2022');
INSERT INTO `works` VALUES ('741', '30', '4', '2', '08:27', '18:31', '2022');
INSERT INTO `works` VALUES ('742', '31', '4', '2', '08:59', '18:14', '2022');
INSERT INTO `works` VALUES ('743', '1', '1', '3', '08:31', '18:13', '2022');
INSERT INTO `works` VALUES ('744', '2', '1', '3', '08:42', '18:51', '2022');
INSERT INTO `works` VALUES ('745', '5', '1', '3', '08:20', '18:04', '2022');
INSERT INTO `works` VALUES ('746', '6', '1', '3', '08:01', '18:42', '2022');
INSERT INTO `works` VALUES ('747', '9', '1', '3', '08:00', '18:01', '2022');
INSERT INTO `works` VALUES ('748', '12', '1', '3', '08:54', '18:53', '2022');
INSERT INTO `works` VALUES ('749', '14', '1', '3', '08:50', '18:22', '2022');
INSERT INTO `works` VALUES ('750', '15', '1', '3', '08:49', '18:42', '2022');
INSERT INTO `works` VALUES ('751', '19', '1', '3', '08:06', '18:39', '2022');
INSERT INTO `works` VALUES ('752', '20', '1', '3', '08:08', '18:19', '2022');
INSERT INTO `works` VALUES ('753', '21', '1', '3', '08:05', '18:22', '2022');
INSERT INTO `works` VALUES ('754', '22', '1', '3', '08:57', '18:52', '2022');
INSERT INTO `works` VALUES ('755', '26', '1', '3', '08:42', '18:55', '2022');
INSERT INTO `works` VALUES ('756', '27', '1', '3', '08:10', '18:01', '2022');
INSERT INTO `works` VALUES ('757', '28', '1', '3', '08:10', '18:53', '2022');
INSERT INTO `works` VALUES ('758', '29', '1', '3', '08:23', '18:27', '2022');
INSERT INTO `works` VALUES ('759', '30', '1', '3', '08:33', '18:05', '2022');
INSERT INTO `works` VALUES ('760', '1', '2', '3', '08:50', '18:24', '2022');
INSERT INTO `works` VALUES ('761', '2', '2', '3', '08:36', '18:33', '2022');
INSERT INTO `works` VALUES ('762', '5', '2', '3', '08:21', '18:25', '2022');
INSERT INTO `works` VALUES ('763', '6', '2', '3', '08:24', '18:51', '2022');
INSERT INTO `works` VALUES ('764', '7', '2', '3', '08:34', '18:56', '2022');
INSERT INTO `works` VALUES ('765', '8', '2', '3', '08:06', '18:12', '2022');
INSERT INTO `works` VALUES ('766', '9', '2', '3', '08:03', '18:20', '2022');
INSERT INTO `works` VALUES ('767', '12', '2', '3', '08:39', '18:24', '2022');
INSERT INTO `works` VALUES ('768', '13', '2', '3', '08:36', '18:54', '2022');
INSERT INTO `works` VALUES ('769', '14', '2', '3', '08:34', '18:15', '2022');
INSERT INTO `works` VALUES ('770', '15', '2', '3', '08:33', '18:20', '2022');
INSERT INTO `works` VALUES ('771', '16', '2', '3', '08:19', '18:59', '2022');
INSERT INTO `works` VALUES ('772', '19', '2', '3', '08:33', '18:28', '2022');
INSERT INTO `works` VALUES ('773', '20', '2', '3', '08:14', '18:07', '2022');
INSERT INTO `works` VALUES ('774', '21', '2', '3', '08:58', '18:46', '2022');
INSERT INTO `works` VALUES ('775', '22', '2', '3', '08:34', '18:34', '2022');
INSERT INTO `works` VALUES ('776', '23', '2', '3', '08:58', '18:05', '2022');
INSERT INTO `works` VALUES ('777', '26', '2', '3', '08:58', '18:16', '2022');
INSERT INTO `works` VALUES ('778', '27', '2', '3', '08:51', '18:48', '2022');
INSERT INTO `works` VALUES ('779', '28', '2', '3', '08:19', '18:20', '2022');
INSERT INTO `works` VALUES ('780', '29', '2', '3', '08:02', '18:00', '2022');
INSERT INTO `works` VALUES ('781', '30', '2', '3', '08:02', '18:25', '2022');
INSERT INTO `works` VALUES ('782', '1', '3', '3', '08:07', '18:39', '2022');
INSERT INTO `works` VALUES ('783', '2', '3', '3', '08:27', '18:37', '2022');
INSERT INTO `works` VALUES ('784', '5', '3', '3', '08:38', '18:05', '2022');
INSERT INTO `works` VALUES ('785', '7', '3', '3', '08:41', '18:46', '2022');
INSERT INTO `works` VALUES ('786', '8', '3', '3', '08:23', '18:58', '2022');
INSERT INTO `works` VALUES ('787', '9', '3', '3', '08:27', '18:01', '2022');
INSERT INTO `works` VALUES ('788', '13', '3', '3', '08:26', '18:19', '2022');
INSERT INTO `works` VALUES ('789', '14', '3', '3', '08:20', '18:05', '2022');
INSERT INTO `works` VALUES ('790', '15', '3', '3', '08:02', '18:23', '2022');
INSERT INTO `works` VALUES ('791', '16', '3', '3', '08:20', '18:09', '2022');
INSERT INTO `works` VALUES ('792', '19', '3', '3', '08:17', '18:55', '2022');
INSERT INTO `works` VALUES ('793', '20', '3', '3', '08:50', '18:58', '2022');
INSERT INTO `works` VALUES ('794', '21', '3', '3', '08:57', '18:51', '2022');
INSERT INTO `works` VALUES ('795', '22', '3', '3', '08:39', '18:11', '2022');
INSERT INTO `works` VALUES ('796', '23', '3', '3', '08:55', '18:54', '2022');
INSERT INTO `works` VALUES ('797', '26', '3', '3', '08:59', '18:55', '2022');
INSERT INTO `works` VALUES ('798', '27', '3', '3', '08:30', '18:46', '2022');
INSERT INTO `works` VALUES ('799', '28', '3', '3', '08:15', '18:47', '2022');
INSERT INTO `works` VALUES ('800', '5', '4', '3', '08:10', '18:47', '2022');
INSERT INTO `works` VALUES ('801', '6', '4', '3', '08:03', '18:06', '2022');
INSERT INTO `works` VALUES ('802', '7', '4', '3', '08:50', '18:33', '2022');
INSERT INTO `works` VALUES ('803', '8', '4', '3', '08:15', '18:37', '2022');
INSERT INTO `works` VALUES ('804', '9', '4', '3', '08:36', '18:52', '2022');
INSERT INTO `works` VALUES ('805', '12', '4', '3', '08:40', '18:22', '2022');
INSERT INTO `works` VALUES ('806', '13', '4', '3', '08:53', '18:38', '2022');
INSERT INTO `works` VALUES ('807', '14', '4', '3', '08:06', '18:19', '2022');
INSERT INTO `works` VALUES ('808', '16', '4', '3', '08:14', '18:46', '2022');
INSERT INTO `works` VALUES ('809', '20', '4', '3', '08:11', '18:32', '2022');
INSERT INTO `works` VALUES ('810', '21', '4', '3', '08:53', '18:14', '2022');
INSERT INTO `works` VALUES ('811', '22', '4', '3', '08:42', '18:18', '2022');
INSERT INTO `works` VALUES ('812', '26', '4', '3', '08:46', '18:09', '2022');
INSERT INTO `works` VALUES ('813', '27', '4', '3', '08:22', '18:27', '2022');
INSERT INTO `works` VALUES ('814', '28', '4', '3', '08:35', '18:13', '2022');
INSERT INTO `works` VALUES ('815', '29', '4', '3', '08:58', '18:53', '2022');
INSERT INTO `works` VALUES ('816', '30', '4', '3', '08:41', '18:40', '2022');
INSERT INTO `works` VALUES ('817', '3', '1', '4', '08:44', '18:20', '2022');
INSERT INTO `works` VALUES ('818', '4', '1', '4', '08:40', '18:18', '2022');
INSERT INTO `works` VALUES ('819', '6', '1', '4', '08:01', '18:41', '2022');
INSERT INTO `works` VALUES ('820', '7', '1', '4', '08:40', '18:50', '2022');
INSERT INTO `works` VALUES ('821', '11', '1', '4', '08:59', '18:55', '2022');
INSERT INTO `works` VALUES ('822', '12', '1', '4', '08:17', '18:38', '2022');
INSERT INTO `works` VALUES ('823', '17', '1', '4', '08:28', '18:49', '2022');
INSERT INTO `works` VALUES ('824', '18', '1', '4', '08:18', '18:56', '2022');
INSERT INTO `works` VALUES ('825', '19', '1', '4', '08:36', '18:07', '2022');
INSERT INTO `works` VALUES ('826', '20', '1', '4', '08:43', '18:17', '2022');
INSERT INTO `works` VALUES ('827', '21', '1', '4', '08:44', '18:13', '2022');
INSERT INTO `works` VALUES ('828', '24', '1', '4', '08:57', '18:38', '2022');
INSERT INTO `works` VALUES ('829', '27', '1', '4', '08:41', '18:32', '2022');
INSERT INTO `works` VALUES ('830', '28', '1', '4', '08:38', '18:58', '2022');
INSERT INTO `works` VALUES ('831', '31', '1', '4', '08:24', '18:56', '2022');
INSERT INTO `works` VALUES ('832', '4', '2', '4', '08:27', '18:10', '2022');
INSERT INTO `works` VALUES ('833', '5', '2', '4', '08:02', '18:09', '2022');
INSERT INTO `works` VALUES ('834', '6', '2', '4', '08:07', '18:11', '2022');
INSERT INTO `works` VALUES ('835', '7', '2', '4', '08:32', '18:21', '2022');
INSERT INTO `works` VALUES ('836', '10', '2', '4', '08:35', '18:12', '2022');
INSERT INTO `works` VALUES ('837', '12', '2', '4', '08:50', '18:47', '2022');
INSERT INTO `works` VALUES ('838', '13', '2', '4', '08:40', '18:02', '2022');
INSERT INTO `works` VALUES ('839', '14', '2', '4', '08:30', '18:13', '2022');
INSERT INTO `works` VALUES ('840', '17', '2', '4', '08:44', '18:17', '2022');
INSERT INTO `works` VALUES ('841', '19', '2', '4', '08:09', '18:29', '2022');
INSERT INTO `works` VALUES ('842', '20', '2', '4', '08:54', '18:27', '2022');
INSERT INTO `works` VALUES ('843', '21', '2', '4', '08:16', '18:46', '2022');
INSERT INTO `works` VALUES ('844', '24', '2', '4', '08:44', '18:17', '2022');
INSERT INTO `works` VALUES ('845', '26', '2', '4', '08:39', '18:42', '2022');
INSERT INTO `works` VALUES ('846', '27', '2', '4', '08:03', '18:04', '2022');
INSERT INTO `works` VALUES ('847', '28', '2', '4', '08:01', '18:43', '2022');
INSERT INTO `works` VALUES ('848', '31', '2', '4', '08:11', '18:46', '2022');
INSERT INTO `works` VALUES ('849', '3', '3', '4', '08:36', '18:23', '2022');
INSERT INTO `works` VALUES ('850', '4', '3', '4', '08:17', '18:11', '2022');
INSERT INTO `works` VALUES ('851', '5', '3', '4', '08:13', '18:07', '2022');
INSERT INTO `works` VALUES ('852', '6', '3', '4', '08:00', '18:22', '2022');
INSERT INTO `works` VALUES ('853', '7', '3', '4', '08:39', '18:10', '2022');
INSERT INTO `works` VALUES ('854', '10', '3', '4', '08:22', '18:13', '2022');
INSERT INTO `works` VALUES ('855', '11', '3', '4', '08:20', '18:46', '2022');
INSERT INTO `works` VALUES ('856', '12', '3', '4', '08:45', '18:21', '2022');
INSERT INTO `works` VALUES ('857', '13', '3', '4', '08:44', '18:16', '2022');
INSERT INTO `works` VALUES ('858', '14', '3', '4', '08:14', '18:01', '2022');
INSERT INTO `works` VALUES ('859', '17', '3', '4', '08:10', '18:38', '2022');
INSERT INTO `works` VALUES ('860', '18', '3', '4', '08:48', '18:46', '2022');
INSERT INTO `works` VALUES ('861', '19', '3', '4', '08:24', '18:55', '2022');
INSERT INTO `works` VALUES ('862', '20', '3', '4', '08:09', '18:40', '2022');
INSERT INTO `works` VALUES ('863', '21', '3', '4', '08:21', '18:44', '2022');
INSERT INTO `works` VALUES ('864', '24', '3', '4', '08:14', '18:34', '2022');
INSERT INTO `works` VALUES ('865', '25', '3', '4', '08:16', '18:03', '2022');
INSERT INTO `works` VALUES ('866', '26', '3', '4', '08:56', '18:16', '2022');
INSERT INTO `works` VALUES ('867', '27', '3', '4', '08:06', '18:43', '2022');
INSERT INTO `works` VALUES ('868', '28', '3', '4', '08:42', '18:34', '2022');
INSERT INTO `works` VALUES ('869', '31', '3', '4', '08:37', '18:23', '2022');
INSERT INTO `works` VALUES ('870', '4', '4', '4', '08:59', '18:52', '2022');
INSERT INTO `works` VALUES ('871', '5', '4', '4', '08:23', '18:52', '2022');
INSERT INTO `works` VALUES ('872', '6', '4', '4', '08:21', '18:35', '2022');
INSERT INTO `works` VALUES ('873', '7', '4', '4', '08:24', '18:31', '2022');
INSERT INTO `works` VALUES ('874', '11', '4', '4', '08:55', '18:34', '2022');
INSERT INTO `works` VALUES ('875', '12', '4', '4', '08:16', '18:08', '2022');
INSERT INTO `works` VALUES ('876', '17', '4', '4', '08:40', '18:00', '2022');
INSERT INTO `works` VALUES ('877', '18', '4', '4', '08:43', '18:56', '2022');
INSERT INTO `works` VALUES ('878', '19', '4', '4', '08:06', '18:57', '2022');
INSERT INTO `works` VALUES ('879', '20', '4', '4', '08:37', '18:40', '2022');
INSERT INTO `works` VALUES ('880', '24', '4', '4', '08:21', '18:36', '2022');
INSERT INTO `works` VALUES ('881', '26', '4', '4', '08:13', '18:21', '2022');
INSERT INTO `works` VALUES ('882', '27', '4', '4', '08:33', '18:24', '2022');
INSERT INTO `works` VALUES ('883', '28', '4', '4', '08:05', '18:56', '2022');
INSERT INTO `works` VALUES ('884', '31', '4', '4', '08:01', '18:20', '2022');
INSERT INTO `works` VALUES ('885', '1', '1', '5', '08:41', '18:41', '2022');
INSERT INTO `works` VALUES ('886', '2', '1', '5', '08:03', '18:40', '2022');
INSERT INTO `works` VALUES ('887', '3', '1', '5', '08:48', '18:26', '2022');
INSERT INTO `works` VALUES ('888', '4', '1', '5', '08:03', '18:01', '2022');
INSERT INTO `works` VALUES ('889', '5', '1', '5', '08:23', '18:42', '2022');
INSERT INTO `works` VALUES ('890', '8', '1', '5', '08:18', '18:05', '2022');
INSERT INTO `works` VALUES ('891', '9', '1', '5', '08:44', '18:23', '2022');
INSERT INTO `works` VALUES ('892', '10', '1', '5', '08:01', '18:18', '2022');
INSERT INTO `works` VALUES ('893', '11', '1', '5', '08:18', '18:58', '2022');
INSERT INTO `works` VALUES ('894', '12', '1', '5', '08:34', '18:52', '2022');
INSERT INTO `works` VALUES ('895', '15', '1', '5', '08:00', '18:07', '2022');
INSERT INTO `works` VALUES ('896', '16', '1', '5', '08:53', '18:03', '2022');
INSERT INTO `works` VALUES ('897', '17', '1', '5', '08:17', '18:12', '2022');
INSERT INTO `works` VALUES ('898', '18', '1', '5', '08:06', '18:08', '2022');
INSERT INTO `works` VALUES ('899', '19', '1', '5', '08:37', '18:09', '2022');
INSERT INTO `works` VALUES ('900', '22', '1', '5', '08:01', '18:27', '2022');
INSERT INTO `works` VALUES ('901', '23', '1', '5', '08:31', '18:09', '2022');
INSERT INTO `works` VALUES ('902', '24', '1', '5', '08:18', '18:22', '2022');
INSERT INTO `works` VALUES ('903', '25', '1', '5', '08:26', '18:57', '2022');
INSERT INTO `works` VALUES ('904', '26', '1', '5', '08:41', '18:04', '2022');
INSERT INTO `works` VALUES ('905', '29', '1', '5', '08:44', '18:39', '2022');
INSERT INTO `works` VALUES ('906', '30', '1', '5', '08:05', '18:09', '2022');
INSERT INTO `works` VALUES ('907', '31', '1', '5', '08:03', '18:59', '2022');
INSERT INTO `works` VALUES ('908', '1', '2', '5', '08:05', '18:11', '2022');
INSERT INTO `works` VALUES ('909', '2', '2', '5', '08:36', '18:39', '2022');
INSERT INTO `works` VALUES ('910', '4', '2', '5', '08:22', '18:11', '2022');
INSERT INTO `works` VALUES ('911', '5', '2', '5', '08:24', '18:52', '2022');
INSERT INTO `works` VALUES ('912', '8', '2', '5', '08:39', '18:46', '2022');
INSERT INTO `works` VALUES ('913', '10', '2', '5', '08:33', '18:54', '2022');
INSERT INTO `works` VALUES ('914', '11', '2', '5', '08:49', '18:36', '2022');
INSERT INTO `works` VALUES ('915', '12', '2', '5', '08:38', '18:24', '2022');
INSERT INTO `works` VALUES ('916', '15', '2', '5', '08:37', '18:48', '2022');
INSERT INTO `works` VALUES ('917', '17', '2', '5', '08:57', '18:06', '2022');
INSERT INTO `works` VALUES ('918', '18', '2', '5', '08:38', '18:54', '2022');
INSERT INTO `works` VALUES ('919', '19', '2', '5', '08:36', '18:38', '2022');
INSERT INTO `works` VALUES ('920', '22', '2', '5', '08:30', '18:19', '2022');
INSERT INTO `works` VALUES ('921', '23', '2', '5', '08:33', '18:00', '2022');
INSERT INTO `works` VALUES ('922', '24', '2', '5', '08:27', '18:40', '2022');
INSERT INTO `works` VALUES ('923', '25', '2', '5', '08:57', '18:35', '2022');
INSERT INTO `works` VALUES ('924', '26', '2', '5', '08:26', '18:22', '2022');
INSERT INTO `works` VALUES ('925', '30', '2', '5', '08:50', '18:53', '2022');
INSERT INTO `works` VALUES ('926', '1', '3', '5', '08:52', '18:24', '2022');
INSERT INTO `works` VALUES ('927', '3', '3', '5', '08:15', '18:44', '2022');
INSERT INTO `works` VALUES ('928', '4', '3', '5', '08:56', '18:51', '2022');
INSERT INTO `works` VALUES ('929', '5', '3', '5', '08:53', '18:24', '2022');
INSERT INTO `works` VALUES ('930', '8', '3', '5', '08:57', '18:26', '2022');
INSERT INTO `works` VALUES ('931', '9', '3', '5', '08:35', '18:29', '2022');
INSERT INTO `works` VALUES ('932', '10', '3', '5', '08:54', '18:00', '2022');
INSERT INTO `works` VALUES ('933', '11', '3', '5', '08:15', '18:30', '2022');
INSERT INTO `works` VALUES ('934', '15', '3', '5', '08:16', '18:31', '2022');
INSERT INTO `works` VALUES ('935', '16', '3', '5', '08:56', '18:43', '2022');
INSERT INTO `works` VALUES ('936', '17', '3', '5', '08:16', '18:02', '2022');
INSERT INTO `works` VALUES ('937', '18', '3', '5', '08:59', '18:55', '2022');
INSERT INTO `works` VALUES ('938', '19', '3', '5', '08:09', '18:58', '2022');
INSERT INTO `works` VALUES ('939', '22', '3', '5', '08:49', '18:27', '2022');
INSERT INTO `works` VALUES ('940', '23', '3', '5', '08:23', '18:17', '2022');
INSERT INTO `works` VALUES ('941', '24', '3', '5', '08:08', '18:54', '2022');
INSERT INTO `works` VALUES ('942', '25', '3', '5', '08:31', '18:54', '2022');
INSERT INTO `works` VALUES ('943', '26', '3', '5', '08:26', '18:42', '2022');
INSERT INTO `works` VALUES ('944', '29', '3', '5', '08:38', '18:01', '2022');
INSERT INTO `works` VALUES ('945', '31', '3', '5', '08:37', '18:13', '2022');
INSERT INTO `works` VALUES ('946', '1', '4', '5', '08:08', '18:25', '2022');
INSERT INTO `works` VALUES ('947', '3', '4', '5', '08:00', '18:13', '2022');
INSERT INTO `works` VALUES ('948', '4', '4', '5', '08:04', '18:34', '2022');
INSERT INTO `works` VALUES ('949', '5', '4', '5', '08:24', '18:50', '2022');
INSERT INTO `works` VALUES ('950', '8', '4', '5', '08:29', '18:58', '2022');
INSERT INTO `works` VALUES ('951', '9', '4', '5', '08:57', '18:51', '2022');
INSERT INTO `works` VALUES ('952', '10', '4', '5', '08:37', '18:59', '2022');
INSERT INTO `works` VALUES ('953', '11', '4', '5', '08:53', '18:08', '2022');
INSERT INTO `works` VALUES ('954', '12', '4', '5', '08:39', '18:23', '2022');
INSERT INTO `works` VALUES ('955', '16', '4', '5', '08:59', '18:40', '2022');
INSERT INTO `works` VALUES ('956', '18', '4', '5', '08:27', '18:40', '2022');
INSERT INTO `works` VALUES ('957', '19', '4', '5', '08:14', '18:59', '2022');
INSERT INTO `works` VALUES ('958', '22', '4', '5', '08:40', '18:11', '2022');
INSERT INTO `works` VALUES ('959', '23', '4', '5', '08:24', '18:57', '2022');
INSERT INTO `works` VALUES ('960', '26', '4', '5', '08:02', '18:14', '2022');
INSERT INTO `works` VALUES ('961', '29', '4', '5', '08:41', '18:50', '2022');
INSERT INTO `works` VALUES ('962', '30', '4', '5', '08:37', '18:19', '2022');
INSERT INTO `works` VALUES ('963', '31', '4', '5', '08:01', '18:24', '2022');
INSERT INTO `works` VALUES ('964', '1', '1', '6', '08:14', '18:59', '2022');
INSERT INTO `works` VALUES ('965', '2', '1', '6', '08:33', '18:41', '2022');
INSERT INTO `works` VALUES ('966', '5', '1', '6', '08:51', '18:00', '2022');
INSERT INTO `works` VALUES ('967', '6', '1', '6', '08:32', '18:24', '2022');
INSERT INTO `works` VALUES ('968', '9', '1', '6', '08:43', '18:16', '2022');
INSERT INTO `works` VALUES ('969', '12', '1', '6', '08:23', '18:09', '2022');
INSERT INTO `works` VALUES ('970', '14', '1', '6', '08:09', '18:22', '2022');
INSERT INTO `works` VALUES ('971', '15', '1', '6', '08:28', '18:14', '2022');
INSERT INTO `works` VALUES ('972', '19', '1', '6', '08:45', '18:22', '2022');
INSERT INTO `works` VALUES ('973', '20', '1', '6', '08:56', '18:15', '2022');
INSERT INTO `works` VALUES ('974', '21', '1', '6', '08:48', '18:17', '2022');
INSERT INTO `works` VALUES ('975', '22', '1', '6', '08:51', '18:28', '2022');
INSERT INTO `works` VALUES ('976', '26', '1', '6', '08:29', '18:45', '2022');
INSERT INTO `works` VALUES ('977', '27', '1', '6', '08:41', '18:28', '2022');
INSERT INTO `works` VALUES ('978', '28', '1', '6', '08:38', '18:21', '2022');
INSERT INTO `works` VALUES ('979', '29', '1', '6', '08:16', '18:06', '2022');
INSERT INTO `works` VALUES ('980', '30', '1', '6', '08:54', '18:49', '2022');
INSERT INTO `works` VALUES ('981', '1', '2', '6', '08:13', '18:44', '2022');
INSERT INTO `works` VALUES ('982', '2', '2', '6', '08:37', '18:03', '2022');
INSERT INTO `works` VALUES ('983', '5', '2', '6', '08:53', '18:05', '2022');
INSERT INTO `works` VALUES ('984', '6', '2', '6', '08:30', '18:33', '2022');
INSERT INTO `works` VALUES ('985', '7', '2', '6', '08:31', '18:30', '2022');
INSERT INTO `works` VALUES ('986', '8', '2', '6', '08:49', '18:20', '2022');
INSERT INTO `works` VALUES ('987', '9', '2', '6', '08:18', '18:37', '2022');
INSERT INTO `works` VALUES ('988', '12', '2', '6', '08:08', '18:19', '2022');
INSERT INTO `works` VALUES ('989', '13', '2', '6', '08:49', '18:49', '2022');
INSERT INTO `works` VALUES ('990', '14', '2', '6', '08:13', '18:42', '2022');
INSERT INTO `works` VALUES ('991', '15', '2', '6', '08:59', '18:47', '2022');
INSERT INTO `works` VALUES ('992', '16', '2', '6', '08:37', '18:29', '2022');
INSERT INTO `works` VALUES ('993', '19', '2', '6', '08:36', '18:08', '2022');
INSERT INTO `works` VALUES ('994', '20', '2', '6', '08:50', '18:53', '2022');
INSERT INTO `works` VALUES ('995', '21', '2', '6', '08:05', '18:17', '2022');
INSERT INTO `works` VALUES ('996', '22', '2', '6', '08:10', '18:28', '2022');
INSERT INTO `works` VALUES ('997', '23', '2', '6', '08:23', '18:57', '2022');
INSERT INTO `works` VALUES ('998', '26', '2', '6', '08:33', '18:09', '2022');
INSERT INTO `works` VALUES ('999', '27', '2', '6', '08:38', '18:34', '2022');
INSERT INTO `works` VALUES ('1000', '28', '2', '6', '08:22', '18:45', '2022');
INSERT INTO `works` VALUES ('1001', '29', '2', '6', '08:24', '18:38', '2022');
INSERT INTO `works` VALUES ('1002', '30', '2', '6', '08:10', '18:14', '2022');
INSERT INTO `works` VALUES ('1003', '1', '3', '6', '08:48', '18:57', '2022');
INSERT INTO `works` VALUES ('1004', '2', '3', '6', '08:30', '18:06', '2022');
INSERT INTO `works` VALUES ('1005', '5', '3', '6', '08:02', '18:47', '2022');
INSERT INTO `works` VALUES ('1006', '7', '3', '6', '08:51', '18:31', '2022');
INSERT INTO `works` VALUES ('1007', '8', '3', '6', '08:30', '18:13', '2022');
INSERT INTO `works` VALUES ('1008', '9', '3', '6', '08:49', '18:03', '2022');
INSERT INTO `works` VALUES ('1009', '13', '3', '6', '08:28', '18:35', '2022');
INSERT INTO `works` VALUES ('1010', '14', '3', '6', '08:51', '18:58', '2022');
INSERT INTO `works` VALUES ('1011', '15', '3', '6', '08:45', '18:55', '2022');
INSERT INTO `works` VALUES ('1012', '16', '3', '6', '08:40', '18:29', '2022');
INSERT INTO `works` VALUES ('1013', '19', '3', '6', '08:13', '18:59', '2022');
INSERT INTO `works` VALUES ('1014', '20', '3', '6', '08:50', '18:32', '2022');
INSERT INTO `works` VALUES ('1015', '21', '3', '6', '08:11', '18:12', '2022');
INSERT INTO `works` VALUES ('1016', '22', '3', '6', '08:40', '18:27', '2022');
INSERT INTO `works` VALUES ('1017', '23', '3', '6', '08:12', '18:25', '2022');
INSERT INTO `works` VALUES ('1018', '26', '3', '6', '08:44', '18:32', '2022');
INSERT INTO `works` VALUES ('1019', '27', '3', '6', '08:25', '18:57', '2022');
INSERT INTO `works` VALUES ('1020', '28', '3', '6', '08:05', '18:38', '2022');
INSERT INTO `works` VALUES ('1021', '5', '4', '6', '08:45', '18:23', '2022');
INSERT INTO `works` VALUES ('1022', '6', '4', '6', '08:43', '18:44', '2022');
INSERT INTO `works` VALUES ('1023', '7', '4', '6', '08:10', '18:12', '2022');
INSERT INTO `works` VALUES ('1024', '8', '4', '6', '08:44', '18:19', '2022');
INSERT INTO `works` VALUES ('1025', '9', '4', '6', '08:26', '18:14', '2022');
INSERT INTO `works` VALUES ('1026', '12', '4', '6', '08:42', '18:38', '2022');
INSERT INTO `works` VALUES ('1027', '13', '4', '6', '08:12', '18:07', '2022');
INSERT INTO `works` VALUES ('1028', '14', '4', '6', '08:07', '18:41', '2022');
INSERT INTO `works` VALUES ('1029', '16', '4', '6', '08:32', '18:04', '2022');
INSERT INTO `works` VALUES ('1030', '20', '4', '6', '08:42', '18:55', '2022');
INSERT INTO `works` VALUES ('1031', '21', '4', '6', '08:59', '18:01', '2022');
INSERT INTO `works` VALUES ('1032', '22', '4', '6', '08:49', '18:14', '2022');
INSERT INTO `works` VALUES ('1033', '26', '4', '6', '08:30', '18:11', '2022');
INSERT INTO `works` VALUES ('1034', '27', '4', '6', '08:45', '18:12', '2022');
INSERT INTO `works` VALUES ('1035', '28', '4', '6', '08:55', '18:37', '2022');
INSERT INTO `works` VALUES ('1036', '29', '4', '6', '08:22', '18:28', '2022');
INSERT INTO `works` VALUES ('1037', '30', '4', '6', '08:39', '18:45', '2022');
INSERT INTO `works` VALUES ('1038', '3', '1', '7', '08:20', '18:46', '2022');
INSERT INTO `works` VALUES ('1039', '4', '1', '7', '08:32', '18:07', '2022');
INSERT INTO `works` VALUES ('1040', '6', '1', '7', '08:58', '18:58', '2022');
INSERT INTO `works` VALUES ('1041', '7', '1', '7', '08:13', '18:27', '2022');
INSERT INTO `works` VALUES ('1042', '11', '1', '7', '08:08', '18:59', '2022');
INSERT INTO `works` VALUES ('1043', '12', '1', '7', '08:03', '18:58', '2022');
INSERT INTO `works` VALUES ('1044', '17', '1', '7', '08:54', '18:56', '2022');
INSERT INTO `works` VALUES ('1045', '18', '1', '7', '08:55', '18:37', '2022');
INSERT INTO `works` VALUES ('1046', '19', '1', '7', '08:28', '18:19', '2022');
INSERT INTO `works` VALUES ('1047', '20', '1', '7', '08:27', '18:34', '2022');
INSERT INTO `works` VALUES ('1048', '21', '1', '7', '08:16', '18:29', '2022');
INSERT INTO `works` VALUES ('1049', '24', '1', '7', '08:13', '18:54', '2022');
INSERT INTO `works` VALUES ('1050', '27', '1', '7', '08:58', '18:41', '2022');
INSERT INTO `works` VALUES ('1051', '28', '1', '7', '08:17', '18:53', '2022');
INSERT INTO `works` VALUES ('1052', '31', '1', '7', '08:51', '18:38', '2022');
INSERT INTO `works` VALUES ('1053', '4', '2', '7', '08:38', '18:36', '2022');
INSERT INTO `works` VALUES ('1054', '5', '2', '7', '08:51', '18:49', '2022');
INSERT INTO `works` VALUES ('1055', '6', '2', '7', '08:33', '18:55', '2022');
INSERT INTO `works` VALUES ('1056', '7', '2', '7', '08:42', '18:44', '2022');
INSERT INTO `works` VALUES ('1057', '10', '2', '7', '08:27', '18:14', '2022');
INSERT INTO `works` VALUES ('1058', '12', '2', '7', '08:04', '18:16', '2022');
INSERT INTO `works` VALUES ('1059', '13', '2', '7', '08:43', '18:14', '2022');
INSERT INTO `works` VALUES ('1060', '14', '2', '7', '08:48', '18:48', '2022');
INSERT INTO `works` VALUES ('1061', '17', '2', '7', '08:47', '18:11', '2022');
INSERT INTO `works` VALUES ('1062', '19', '2', '7', '08:55', '18:59', '2022');
INSERT INTO `works` VALUES ('1063', '20', '2', '7', '08:29', '18:08', '2022');
INSERT INTO `works` VALUES ('1064', '21', '2', '7', '08:01', '18:14', '2022');
INSERT INTO `works` VALUES ('1065', '24', '2', '7', '08:12', '18:51', '2022');
INSERT INTO `works` VALUES ('1066', '26', '2', '7', '08:45', '18:42', '2022');
INSERT INTO `works` VALUES ('1067', '27', '2', '7', '08:40', '18:46', '2022');
INSERT INTO `works` VALUES ('1068', '28', '2', '7', '08:31', '18:13', '2022');
INSERT INTO `works` VALUES ('1069', '31', '2', '7', '08:45', '18:14', '2022');
INSERT INTO `works` VALUES ('1070', '3', '3', '7', '08:51', '18:17', '2022');
INSERT INTO `works` VALUES ('1071', '4', '3', '7', '08:00', '18:47', '2022');
INSERT INTO `works` VALUES ('1072', '5', '3', '7', '08:41', '18:04', '2022');
INSERT INTO `works` VALUES ('1073', '6', '3', '7', '08:03', '18:41', '2022');
INSERT INTO `works` VALUES ('1074', '7', '3', '7', '08:04', '18:06', '2022');
INSERT INTO `works` VALUES ('1075', '10', '3', '7', '08:06', '18:04', '2022');
INSERT INTO `works` VALUES ('1076', '11', '3', '7', '08:05', '18:02', '2022');
INSERT INTO `works` VALUES ('1077', '12', '3', '7', '08:42', '18:13', '2022');
INSERT INTO `works` VALUES ('1078', '13', '3', '7', '08:38', '18:50', '2022');
INSERT INTO `works` VALUES ('1079', '14', '3', '7', '08:59', '18:03', '2022');
INSERT INTO `works` VALUES ('1080', '17', '3', '7', '08:30', '18:39', '2022');
INSERT INTO `works` VALUES ('1081', '18', '3', '7', '08:17', '18:12', '2022');
INSERT INTO `works` VALUES ('1082', '19', '3', '7', '08:14', '18:47', '2022');
INSERT INTO `works` VALUES ('1083', '20', '3', '7', '08:50', '18:01', '2022');
INSERT INTO `works` VALUES ('1084', '21', '3', '7', '08:56', '18:31', '2022');
INSERT INTO `works` VALUES ('1085', '24', '3', '7', '08:59', '18:08', '2022');
INSERT INTO `works` VALUES ('1086', '25', '3', '7', '08:40', '18:03', '2022');
INSERT INTO `works` VALUES ('1087', '26', '3', '7', '08:46', '18:42', '2022');
INSERT INTO `works` VALUES ('1088', '27', '3', '7', '08:54', '18:25', '2022');
INSERT INTO `works` VALUES ('1089', '28', '3', '7', '08:14', '18:20', '2022');
INSERT INTO `works` VALUES ('1090', '31', '3', '7', '08:12', '18:37', '2022');
INSERT INTO `works` VALUES ('1091', '4', '4', '7', '08:31', '18:32', '2022');
INSERT INTO `works` VALUES ('1092', '5', '4', '7', '08:27', '18:09', '2022');
INSERT INTO `works` VALUES ('1093', '6', '4', '7', '08:37', '18:18', '2022');
INSERT INTO `works` VALUES ('1094', '7', '4', '7', '08:59', '18:25', '2022');
INSERT INTO `works` VALUES ('1095', '11', '4', '7', '08:07', '18:12', '2022');
INSERT INTO `works` VALUES ('1096', '12', '4', '7', '08:20', '18:00', '2022');
INSERT INTO `works` VALUES ('1097', '17', '4', '7', '08:23', '18:27', '2022');
INSERT INTO `works` VALUES ('1098', '18', '4', '7', '08:00', '18:16', '2022');
INSERT INTO `works` VALUES ('1099', '19', '4', '7', '08:03', '18:29', '2022');
INSERT INTO `works` VALUES ('1100', '20', '4', '7', '08:07', '18:10', '2022');
INSERT INTO `works` VALUES ('1101', '24', '4', '7', '08:42', '18:20', '2022');
INSERT INTO `works` VALUES ('1102', '26', '4', '7', '08:27', '18:17', '2022');
INSERT INTO `works` VALUES ('1103', '27', '4', '7', '08:34', '18:55', '2022');
INSERT INTO `works` VALUES ('1104', '28', '4', '7', '08:50', '18:16', '2022');
INSERT INTO `works` VALUES ('1105', '31', '4', '7', '08:58', '18:20', '2022');
